GEOID,rb_30plus_z,income_z_rev,economic_pressure_index
17031010100,1.6982631735557963,0.317018402260211,2.015281575816007
17031010201,2.048889951522935,0.5848601251342838,2.633750076657219
17031010202,0.7966514587831537,0.8224371100913926,1.6190885688745462
17031010300,2.342271541250541,0.34213837626950266,2.6844099175200435
17031010400,1.9057769809241027,0.8015923624279131,2.707369343352016
17031010501,2.8395891140814826,0.9283999235325106,3.7679890376139933
17031010502,1.2725020860242706,0.583193511474052,1.8556955974983227
17031010503,1.211679073519767,1.3242810523904827,2.5359601259102496
17031010600,2.127602085352293,0.35675143807298487,2.484353523425278
17031010701,0.43529120802110255,0.3008836497234736,0.7361748577445761
17031010702,1.0757217514508763,0.6170330149231074,1.6927547663739837
17031020100,0.5819820028849055,0.5402238636254655,1.1222058665103711
17031020200,-0.7167682052994963,-0.805651205385826,-1.5224194106853224
17031020301,0.03815271460934334,0.21460620053002172,0.25275891513936505
17031020302,0.3887794925764821,0.3869437145264605,0.7757232071029425
17031020400,0.45675815361092736,0.325593008772998,0.7823511623839254
17031020500,2.066779072847789,1.1944301098193748,3.261209182667164
17031020601,0.7894958102532121,0.5589913826689459,1.348487192922158
17031020602,0.048886187404255745,-0.0578005945438166,-0.008914407139560855
17031020701,-0.7704355692740583,-0.5144285836261817,-1.28486415290024
17031020702,0.8896748896723946,0.5643293771459204,1.4540042668183148
17031020801,1.064988278655964,0.2980334988262655,1.3630217774822295
17031020802,0.9719648477667231,0.4479321129624812,1.4198969607292042
17031020901,1.866420914009424,0.7482607253004937,2.6146816393099175
17031020902,0.16695438814829228,1.0077693798734073,1.1747237680216995
17031030101,2.78234392584195,0.9260811567008836,3.7084250825428335
17031030102,1.2403016676395333,0.6628769674900648,1.903178635129598
17031030103,0.4317133837561317,0.9112024028646108,1.3429157866207426
17031030104,0.4746472749357814,1.0977182098836018,1.5723654848193833
17031030200,0.5247368146453726,-0.511964893867578,0.012771920777794543
17031030300,0.24924434624262076,0.44290811816062287,0.6921524644032436
17031030400,-0.1908280383487881,-0.28112682501488495,-0.47195486336367304
17031030500,0.05604183593419736,-0.9609602754625045,-0.9049184395283072
17031030601,2.0560456000528764,0.829755717903715,2.8858013179565916
17031030603,0.5462037602351975,0.9080865599346122,1.4542903201698096
17031030604,2.3136489471307744,0.8594407641127724,3.1730897112435468
17031030701,0.35300124992677406,1.0222375187499129,1.375238768676687
17031030702,0.07393095725905137,0.6441094484465842,0.7180404057056357
17031030703,1.0327878602712268,0.30356472387254224,1.3363525841437691
17031030706,1.648173633846205,0.8478710837758004,2.4960447176220053
17031030800,0.3816238440465405,-0.44237773509760747,-0.06075389105106699
17031030900,0.15622091535337987,-0.0051935720512807015,0.15102734330209916
17031031000,0.7358284462786501,-1.0839515328233826,-0.34812308654473256
17031031100,1.666062755171059,-0.1315663643749482,1.5344963907961107
17031031200,4.639234719361796,1.4868362688159955,6.1260709881777915
17031031300,3.4549748876564608,0.44269073377015783,3.8976656214266185
17031031400,2.084668194172643,-0.13902989511424738,1.9456382990583956
17031031501,2.152646855207088,0.8458663166192897,2.998513171826378
17031031502,3.2367276074932416,0.9078450217229844,4.144572629216226
17031031700,2.07035689711276,0.17881023756678102,2.2491671346795408
17031031800,-0.23733975379340855,0.11972999100261997,-0.11760976279078858
17031031900,0.36015689845671567,-0.16514017579121307,0.1950167226655026
17031032100,3.562309615605585,0.3563891307555432,3.9186987463611285
17031040100,1.007743090416431,-0.08893487002264064,0.9188082203937904
17031040201,1.5730393242818181,-0.41578437799738616,1.157254946284432
17031040202,2.4925401603793147,0.4695014752608442,2.962041635640159
17031040300,-0.6881456111797298,0.20267421287560816,-0.48547139830412167
17031040401,-0.33394100894762024,-0.5224234984310621,-0.8563645073786823
17031040402,1.0900330485107597,-0.2881797407944169,0.8018533077163428
17031040600,-0.01551464936521872,-0.04398460883870616,-0.05949925820392488
17031040700,0.04530836313928494,-0.4370638944417958,-0.39175553130251084
17031040800,-0.666678665589905,-0.6552212071840291,-1.3218998727739342
17031040900,0.25997781903753314,0.022003630578010126,0.2819814496155433
17031050100,-0.4627426824865692,-0.7045191561772641,-1.1672618386638334
17031050200,0.1884213337381171,-1.1216556476584831,-0.933234313920366
17031050300,-0.738235150889321,-1.554540430537835,-2.292775581427156
17031050500,-0.022670297895160327,-1.3113839128921239,-1.3340542107872841
17031050600,-0.702456908239613,-1.2031747940828672,-1.9056317023224802
17031050700,-0.9350154854627153,-1.168634829820091,-2.103650315282806
17031050800,-0.8777702972231824,-2.492650690679066,-3.3704209879022486
17031050900,-0.6917234354447006,-1.0866326069724515,-1.778356042417152
17031051000,-0.9815272009073357,-2.3957697139951537,-3.377296914902489
17031051100,-0.8598811758983284,-1.8026001738795905,-2.6624813497779187
17031051200,-0.7096125567695546,-2.156960884158743,-2.8665734409282972
17031051300,-0.8348364060435327,-1.4520316135229945,-2.286868019566527
17031051400,-0.4412757368967444,-1.9304705031153504,-2.3717462400120946
17031060100,-0.5450326405808976,-1.706395504188236,-2.2514281447691333
17031060200,-0.11927155304937202,0.04475653011334934,-0.07451502293602269
17031060300,-0.6809899626497882,-2.0737268164318015,-2.7547167790815896
17031060400,-0.4019196699820655,-1.602727303757582,-2.0046469737396473
17031060500,-0.484209628076394,0.8484507754837072,0.36424114740731317
17031060800,1.5336832573671393,-0.07014319715799743,1.463540060209142
17031060900,2.33869371698557,0.19936513937630723,2.5380588563618773
17031061000,-0.036981594955043544,-0.8227279569479118,-0.8597095519029553
17031061100,-0.5199878707261021,-0.7260643646544642,-1.2460522353805663
17031061200,-0.4698983310165108,-0.859562534221152,-1.329460865237663
17031061500,-0.7561242722141751,-1.0069249971352758,-1.7630492693494508
17031061800,-0.06202636480983917,0.051471292396602315,-0.010555072413236853
17031061901,2.8646338839362784,0.3261002390174164,3.1907341229536947
17031061902,1.902199156659132,-0.2037379820093363,1.6984611746497957
17031062000,0.7107836764238544,-0.8237665712579113,-0.11298289483405688
17031062100,1.5587280272219348,-0.3910991727690245,1.1676288544529103
17031062200,-0.3661414273323575,-2.6542397542580676,-3.020381181590425
17031062400,-0.41980879130691956,-1.5721968738078274,-1.9920056651147469
17031062500,-0.8241029332486204,-2.8033654461170743,-3.6274683793656948
17031062600,-0.6523673685300218,-2.977345419952582,-3.629712788482604
17031062700,0.1061313756437886,-1.442201008309743,-1.3360696326659545
17031062800,-0.5700774104356933,-2.4846799296953486,-3.054757340131042
17031062900,-0.24449540232335015,-1.995975666108811,-2.240471068432161
17031063000,0.481802923465723,-0.35675243907555065,0.12505048439017236
17031063100,-0.051292892014926754,-0.18545353938911147,-0.23674643140403823
17031063200,4.335119656839278,0.18086331236561737,4.515982969204895
17031063301,1.955866520633694,0.4919886827633928,2.447855203397087
17031063302,1.7089966463507087,-0.2644606884125664,1.4445359579381423
17031063303,-0.2802736449730582,-0.4919896837659586,-0.7722633287390168
17031063400,0.1025535513788178,0.007028261457086224,0.10958181283590403
17031070101,1.0864552242457888,0.08830586966984255,1.1747610939156314
17031070102,-0.18725021408381728,-0.5629536103422077,-0.750203824426025
17031070103,0.6463828396543799,0.3306411573960192,0.9770239970503991
17031070200,1.0828773999808181,-0.5248630343685028,0.5580143656123153
17031070300,0.481802923465723,-1.6817827604233626,-1.1999798369576395
17031070400,0.4674916264058398,-2.5526970900897386,-2.0852054636838986
17031070500,0.04530836313928494,-2.893773198729362,-2.848464835590077
17031070600,-0.666678665589905,-3.9192236761952075,-4.585902341785112
17031070700,0.1991548065330295,-1.3691598531134948,-1.1700050465804652
17031071000,-0.5450326405808976,-2.2262098894324347,-2.7712425300133323
17031071100,-0.36256360306738666,-2.8341857219207824,-3.1967493249881693
17031071200,0.4245577352261901,-1.0654980134550185,-0.6409402782288284
17031071300,-0.2623845236482042,-1.0196782147092238,-1.282062738357428
17031071400,1.5694615000168473,-0.6355116891152003,0.933949810901647
17031071500,1.1079221698356136,-0.7669809377042144,0.34094123213139926
17031071600,-0.7346573266243502,-2.8285337277686917,-3.563191054393042
17031071700,-0.7131903810345255,-2.7832453130884782,-3.4964356941230035
17031071800,-0.8026359876587955,-3.7186744990806413,-4.521310486739437
17031080100,1.9522886963687234,-0.4282477497173809,1.5240409466513425
17031080201,-0.4877874523413648,-0.8004339800146654,-1.2882214323560301
17031080202,1.8807322110693072,-0.4541164921827188,1.4266157188865884
17031080300,1.429926353682986,-1.559371194770391,-0.12944484108740495
17031080400,1.007743090416431,0.45892210159154634,1.4666651920079774
17031081000,6.252833462863629,0.1885200736742188,6.441353536537848
17031081100,2.832433465551541,0.18620130684259187,3.0186347723941327
17031081201,0.8932527139373654,-0.8547800776309215,0.03847263630644393
17031081202,-0.5700774104356933,-1.6255285109352469,-2.19560592137094
17031081300,1.336902922793745,-0.5158053514324602,0.8210975713612848
17031081401,0.3995129653713945,0.09608340008425788,0.4955963654556524
17031081402,2.8216999927566286,-2.0062893477453185,0.8154106450113101
17031081403,9.454986180012499,-0.5569151550515126,8.898071024960986
17031081500,1.140122588220351,-1.1364377862101047,0.0036848020102462353
17031081600,1.0578326301260224,-1.4064775068099906,-0.34864487668396826
17031081700,2.5175849302341105,-1.3417694199149017,1.1758155103192087
17031081800,4.646390367891738,-1.4512586912457857,3.195131676645952
17031081900,-0.6344782472051678,-3.3434690411380092,-3.9779472883431772
17031090100,-0.8205251089836495,-1.2783173317202774,-2.098842440703927
17031090200,-0.1908280383487881,-0.9689068826250593,-1.1597349209738474
17031090300,-0.8634590001632992,-0.7045191561772641,-1.5679781563405633
17031100100,-0.6809899626497882,-0.6585785883256556,-1.3395685509754438
17031100200,-0.13358285010925525,-0.1665894050609799,-0.30017225517023516
17031100300,0.682161082304088,-0.19736137322236225,0.48479970908172576
17031100400,-0.9815272009073357,-1.3249100527432809,-2.306437253650617
17031100500,-0.9242820126678029,-1.000403465421325,-1.9246854780891278
17031100600,-0.43769791263177354,0.20726343889653645,-0.2304344737352371
17031100700,-0.9493267825225985,-1.1472345442698675,-2.096561326792466
17031110100,0.4245577352261901,-0.25296346953908294,0.17159426568710717
17031110200,0.07393095725905137,0.25861446268860777,0.3325454199476591
17031110300,-0.7239238538294378,-0.784516611868393,-1.5084404656978307
17031110400,-0.3732970758622991,-0.12185652826751045,-0.4951536041298096
17031110501,0.1919991580030879,-0.44196712013784023,-0.24996796213475234
17031110502,-0.3804527243922407,0.36902157922367734,-0.011431145168563361
17031120100,-1.0602393347366934,-1.8293384539067885,-2.889577788643482
17031120200,-0.7060347325045838,-1.3088477616700318,-2.0148824941746155
17031120300,-0.7453907994192627,-1.2576416608049372,-2.0030324602242
17031120400,-0.7310795023593795,-0.5042115172743256,-1.235291019633705
17031130100,0.4782250992007522,1.2730266438830626,1.7512517430838148
17031130200,-0.9851050251723065,-0.805651205385826,-1.7907562305581326
17031130300,0.5318924631753142,0.4694773214396814,1.0013697846149956
17031140100,0.3887794925764821,0.20733590036002478,0.5961153929365068
17031140200,0.8073849315780661,0.29474857914812735,1.1021335107261936
17031140301,-0.18367238981884648,0.28148813132976086,0.09781574151091438
17031140302,-0.11927155304937202,-0.24888147376257302,-0.36815302681194506
17031140400,-0.47347615528148157,-0.5564079248070941,-1.0298840800885758
17031140500,0.17053221241326308,0.3232017804778828,0.49373399289114583
17031140601,-0.3160518876227662,0.045770990602186125,-0.27028089702058006
17031140602,0.8181184043729786,0.6095694841838082,1.4276878885567867
17031140701,-0.18009456555387568,-0.24709409099652727,-0.42718865655040295
17031140702,0.900408362467307,0.26274476610744324,1.1631531285747503
17031140800,0.17411003667823388,-0.5238485738796661,-0.3497385372014322
17031150200,0.4245577352261901,-0.4317500537859841,-0.007192318559793964
17031150300,0.5068476933205186,-0.04412953176568284,0.46271816155483575
17031150401,0.098975727113847,0.017076251060802905,0.1160519781746499
17031150402,-0.3661414273323575,-0.4026205454636708,-0.7687619727960283
17031150501,-0.34109665747756185,-0.9468544439034406,-1.2879511013810025
17031150502,0.02384141754946012,0.18383423236863938,0.2076756499180995
17031150600,-0.47347615528148157,-0.36542366087298883,-0.8388998161544704
17031150700,-0.24807322658832096,-1.0891204505522178,-1.3371936771405388
17031150800,-0.42338661557189033,-0.12494821737634634,-0.5483348329482367
17031151001,-0.46632050675153996,-0.17306262913260506,-0.6393831358841451
17031151002,0.717939324953796,0.27523229164860075,0.9931716166023967
17031151100,0.6928945550990004,0.5930482705084663,1.2859428256074668
17031151200,-0.6058556530854013,0.4225464469203989,-0.18330920616500246
17031160100,-0.4412757368967444,-0.5792091319847589,-1.0204848688815034
17031160200,-0.702456908239613,-1.0948690599889594,-1.7973259682285725
17031160300,0.3887794925764821,0.44401919393411077,0.8327986865105929
17031160400,0.46033597787589814,0.14238627525330808,0.6027222531292062
17031160501,0.04530836313928494,0.17127424536399352,0.21658260850327846
17031160502,-0.2766958207080874,-0.6629987375984444,-0.9396945583065318
17031160601,-0.01551464936521872,0.2834204370227833,0.26790578765756456
17031160602,-0.0906489589296056,-0.2961505017781344,-0.38679946070774
17031160700,0.7072058521588837,-0.15651726163610044,0.5506885905227832
17031160800,0.32437865580700764,-0.009806951893371774,0.31457170391363587
17031160900,-0.5664995861707225,-0.5393070194238455,-1.1058066055945681
17031161000,-0.5450326405808976,-0.5375196366577998,-1.0825522772386975
17031161100,-0.7990581633938247,-1.5084549397592497,-2.3075131031530747
17031161200,-0.31247406335779543,0.1724094749586442,-0.14006458839915123
17031161300,1.301124680144037,0.6743017249000599,1.975426405044097
17031170100,-0.8563033516333576,0.8532573858951005,-0.003045965738257106
17031170200,-0.7167682052994963,-0.5635574558712771,-1.2803256611707734
17031170300,-0.6774121383848174,0.12238691133052582,-0.5550252270542916
17031170400,-1.0065719707621312,-0.5683399124615077,-1.5749118832236388
17031170500,-0.06202636480983917,0.048790218247533684,-0.013236146562305484
17031170600,-0.9171263641378612,0.15134734290469962,-0.7657790212331615
17031170700,-0.9099707156079196,-0.08069841700613249,-0.9906691326140521
17031170800,-0.5235656949910729,0.16482517511353112,-0.35874051987754174
17031170900,-0.46632050675153996,0.5571798460817373,0.09085933933019735
17031171000,-0.3088962390928246,0.01625502114126837,-0.29264121795155623
17031171100,-0.5915443560255181,-0.2055736724177076,-0.7971180284432258
17031180100,-0.0012033523053355047,0.015409637400571052,0.014206285095235548
17031190100,0.03099706607940173,0.7380678127698004,0.7690648788492022
17031190200,0.1061313756437886,0.16641932731027465,0.27255070295406325
17031190300,0.7358284462786501,0.20579005580560683,0.9416185020842569
17031190401,-0.5271435192560436,-0.6697859613451858,-1.1969294806012294
17031190402,0.6320715425944967,0.5828312041566102,1.2149027467511069
17031190601,-0.5164100464611312,0.24042663535303405,-0.27598341110809715
17031190602,-0.11211590451943042,0.12168645051680518,0.009570545997374766
17031190701,-0.4019196699820655,0.4458790381636449,0.04395936818157936
17031190702,0.42097991096121934,0.5907295036768394,1.0117094146380587
17031190800,1.0900330485107597,0.830649409286738,1.9206824577974977
17031190900,-0.484209628076394,0.22926756997582948,-0.25494205810056453
17031191000,-0.3518301302724743,0.7025858494816759,0.3507557192092016
17031191100,1.4549711235377816,0.8529192323988216,2.3078903559366033
17031191200,-0.31247406335779543,0.8652135273706768,0.5527394640128813
17031191301,-0.2910071177679706,0.42237737017225946,0.13137025240428885
17031191302,-0.1908280383487881,0.606840102392414,0.41601206404362595
17031200100,-0.22302845673352534,0.1482798076170265,-0.07474864911649884
17031200200,0.2886004131572996,0.4331982820531851,0.7217986952104847
17031200300,-0.34825230600750345,0.9249217732850702,0.5766694672775667
17031200401,-0.34825230600750345,0.44017873636922866,0.09192643036172521
17031200402,-0.6022778288204306,0.15666118356051134,-0.44561664525991923
17031210100,0.005952296224606102,-0.6702207301261158,-0.6642684339015097
17031210400,0.25997781903753314,0.3885620205443668,0.6485398395819
17031210501,0.43529120802110255,0.2630587657825594,0.6983499738036619
17031210502,0.2921782374222704,0.20262590523328258,0.49480414265555295
17031210601,-0.6273225986752261,0.07243680916589577,-0.5548857895093303
17031210602,0.05604183593419736,-0.007270800671279823,0.04877103526291753
17031210700,0.17053221241326308,-0.04652076006079811,0.12401145235246497
17031210800,-0.6523673685300218,-0.4210257571897095,-1.0733931257197313
17031210900,-0.3768749001272699,-0.33858876556113976,-0.7154636656884097
17031220300,-0.3732970758622991,-0.3527670585836919,-0.726064134445991
17031220400,0.05604183593419736,-0.9420719873132102,-0.8860301513790129
17031220500,0.22419957638782512,-0.3691191955108943,-0.14491961912306917
17031220601,-0.6452117200000802,-1.128708563438015,-1.7739202834380952
17031220602,1.1615895338101756,0.23235925908466537,1.3939487928948409
17031220701,0.25997781903753314,0.22622418850931914,0.4862020075468523
17031220702,0.1061313756437886,0.07494880656682495,0.18108018221061356
17031220901,0.08108660578899297,-0.22192580934491,-0.140839203555917
17031220902,-0.2981627662979122,0.12477813962564109,-0.1733846266722711
17031221000,-0.3518301302724743,-0.11217084598123547,-0.46400097625370973
17031221100,0.0023744719596352987,-0.41235453539227135,-0.40998006343263604
17031221200,-0.23733975379340855,-0.978834103122962,-1.2161738569163707
17031221300,0.40666861390133613,-0.045602914856612456,0.3610656990447237
17031221400,0.8038071073130953,-0.32112555286044947,0.4826815544526459
17031221500,-0.019092473630189524,-0.11890976208565122,-0.13800223571584075
17031221600,-0.5235656949910729,-1.4094967344553382,-1.933062429446411
17031222200,-0.4949431008713064,-2.160342419121532,-2.6552855199928387
17031222500,-0.8777702972231824,-1.7438580808117083,-2.621628378034891
17031222600,-0.648789544265051,-0.2502823953900143,-0.8990719396550653
17031222700,-0.3661414273323575,-0.021449093693831967,-0.38759052102618946
17031222800,-0.5307213435210144,0.3349405375629941,-0.19578080595802033
17031222900,-0.9171263641378612,-0.12357144957006785,-1.040697813707929
17031230100,-0.4054974942470363,0.06804081371426973,-0.33745668053276656
17031230200,-0.7167682052994963,-0.22223980902002613,-0.9390080143195224
17031230300,-0.8419920545734744,0.4599124082592203,-0.38207964631425406
17031230400,-0.42338661557189033,-0.4053016196127394,-0.8286882351846298
17031230500,0.517581166115431,0.9395589889097152,1.4571401550251464
17031230600,1.3583698683835699,0.6743500325423855,2.0327199009259553
17031230700,0.6928945550990004,1.2185597771609926,1.911454332259993
17031230800,-0.9529046067875693,0.5222534206803567,-0.43065118610721254
17031230900,1.4370820022129276,0.38757171387669276,1.8246537160896203
17031231100,-0.7990581633938247,0.6379260702289125,-0.16113209316491228
17031231200,2.081090369907672,1.1388038596814913,3.2198942295891637
17031231500,2.6106083611233513,1.3679028534104642,3.9785112145338157
17031240200,-0.7883246905989123,-1.9707590768148682,-2.7590837674137805
17031240300,-0.8598811758983284,-2.035153164034841,-2.8950343399331695
17031240500,-0.8992372428130072,-2.350408837851452,-3.2496460806644594
17031240600,-0.6380560714701385,-2.01334226352485,-2.6513983349949886
17031240700,-0.23733975379340855,-0.20895520738049686,-0.44629496117390544
17031240800,-0.22660628099849614,0.18422069350724385,-0.04238558749125229
17031240900,-0.5271435192560436,-0.328106007176493,-0.8552495264325366
17031241000,-0.3840305486572115,-0.26651376321140274,-0.6505443118686143
17031241100,-0.07991548613469318,-0.33201892620486345,-0.41193441233955663
17031241200,-0.5307213435210144,-1.5608445778613207,-2.091565921382335
17031241300,-0.7740133935390291,-2.093146488646677,-2.867159882185706
17031241400,0.33868995286689085,-2.3976778658670135,-2.0589879130001227
17031241500,-0.5307213435210144,-2.481322548553722,-3.0120438920747366
17031241600,0.4889585719956646,-0.7187457568421418,-0.2297871848464772
17031242000,0.11328702417373021,-1.2092132493735623,-1.095926225199832
17031242100,0.30291171021718283,-3.191082583422027,-2.888170873204844
17031242200,-0.33394100894762024,-1.8285896854507424,-2.1625306943983627
17031242300,-0.3232075361527078,-0.6962102416972676,-1.0194177778499753
17031242400,-0.029825946425101935,-0.5682191433556938,-0.5980450897807957
17031242500,0.5211589903804018,-0.24559655408443487,0.27556243629596694
17031242600,1.7018409978207671,-0.22552472869816428,1.4763162691226028
17031242700,-0.2910071177679706,0.11881214579843431,-0.17219497196953631
17031242800,-0.6809899626497882,-2.2578997027980026,-2.9388896654477907
17031242900,-0.7453907994192627,-1.3133645262274718,-2.0587553256467346
17031243000,-0.5700774104356933,-1.4977789508053008,-2.067856361240994
17031243100,-0.3840305486572115,-0.9113241729729906,-1.2953547216302022
17031243200,-0.25165105085329176,-0.881131896519515,-1.1327829473728066
17031243300,0.33153430433694925,-0.9837856364613321,-0.6522513321243828
17031243400,0.098975727113847,-0.9180389352562436,-0.8190632081423965
17031243500,0.7608732161334457,-1.691081981571033,-0.9302087654375872
17031250200,-0.051292892014926754,0.99789046701783,0.9465975750029033
17031250300,0.6928945550990004,0.6448340630814677,1.3377286181804682
17031250400,0.8538966470226865,0.955210665023197,1.8091073120458834
17031250500,-0.3983418457170947,-0.3615107418446184,-0.759852587561713
17031250700,2.209892043446621,0.8794884356778802,3.089380479124501
17031250800,-0.7740133935390291,0.23805956087908156,-0.5359538326599476
17031251000,-0.5629217619057517,1.126654487636613,0.5637327257308612
17031251100,1.0971886970407012,1.0603522485447805,2.157540945585482
17031251200,-0.14789414716913846,0.6571283580533229,0.5092342108841845
17031251300,0.771606688928358,1.0659559350545456,1.8375626239829037
17031251400,2.2635594074211833,1.5243471530817936,3.787906560502977
17031251500,0.8789414168774822,0.7809408453337358,1.659882262211218
17031251600,-0.4627426824865692,0.9758380282962115,0.5130953458096423
17031251700,-0.5342991677859853,0.761327942549558,0.22702877476357275
17031251800,1.8950435081291905,1.2813597121842217,3.1764032203134125
17031251900,2.614186185388322,1.0770908466105873,3.6912770319989097
17031252000,2.106135139762468,1.222786695864479,3.328921835626947
17031252101,-0.484209628076394,0.8700201377820702,0.3858105097056762
17031252102,2.320804595660716,0.8507212346730085,3.171525830333725
17031252201,0.5283146389103435,0.9219508532820482,1.4502654921923916
17031252202,1.007743090416431,0.9756931053692348,1.9834361957856659
17031260100,0.14906526682343824,1.725862483042871,1.8749277498663093
17031260200,-0.5199878707261021,0.9183277801076312,0.3983399093815291
17031260500,-0.2695401721781458,0.7935249861595444,0.5239848139813985
17031260600,-0.36971925159732827,0.8913238080476426,0.5216045564503142
17031260700,-0.4949431008713064,0.46578178680177595,-0.02916131406953043
17031260800,0.31006735874712443,1.2513606663000485,1.561428025047173
17031260900,-0.4806318038114232,1.5404094441550424,1.0597776403436192
17031261000,-0.14789414716913846,0.9555729723406386,0.8076788251715001
17031270500,0.11686484843870101,1.5238399228373751,1.640704771276076
17031271200,-0.5951221802904889,1.3131219870132782,0.7179998067227893
17031271300,-0.3303631846826494,1.0091944553220114,0.678831270639362
17031271400,-0.20156151114370052,1.1033218963933669,0.9017603852496663
17031271500,-0.7096125567695546,0.8424847816565004,0.13287222488694583
17031271800,-0.7668577450090874,-0.07393534708055396,-0.8407930920896414
17031280100,1.8199091985648035,-1.4278053308967258,0.3921038676680777
17031280400,-0.4090753185120071,1.1248671048705672,0.7157917863585601
17031280800,-0.051292892014926754,1.3777093048025533,1.3264164127876266
17031280900,-0.8062138119237663,0.9854512491189981,0.17923743719523177
17031281900,3.05068074571476,-0.8349497904562787,2.2157309552584814
17031282700,-0.283851469238029,-0.40269300692715915,-0.6865444761651882
17031282800,-0.5164100464611312,-0.5565770015552336,-1.0729870480163648
17031283200,-0.08349331039966398,0.5039931318812947,0.4204998214816307
17031283800,0.22062175212285431,0.03135115936800617,0.2519729114908605
17031290900,0.37089037125162805,0.7129478387605087,1.0838382100121366
17031291600,-0.5915443560255181,-0.7641307868070063,-1.3556751428325244
17031292200,-0.02624812216013113,0.8870002740595049,0.8607521518993737
17031292400,-0.3303631846826494,1.099892053788252,0.7695288691056026
17031292500,0.5998711242097595,0.748453955869796,1.3483250800795554
17031300500,-0.3375188332125911,-0.010893873845696896,-0.348412707058288
17031300600,-0.2766958207080874,0.6804851031177317,0.4037892824096443
17031300700,0.4961142205256062,0.9380131443552973,1.4341273648809034
17031300800,0.5426259359702267,1.2299362269286622,1.7725621628988888
17031300900,0.5748263543549639,1.3258510507660635,1.9006774051210273
17031301100,0.06319748446413896,0.8306252554655752,0.8938227399297142
17031301200,1.6159732154614677,0.9446554451750618,2.5606286606365294
17031301600,-0.17293891702393407,1.067429318145475,0.894490401121541
17031301701,0.2707112918324456,0.6906055541849367,0.9613168460173823
17031301702,-0.8777702972231824,0.25822800155000325,-0.6195422956731792
17031301801,-0.45200920969165675,0.8703824450995119,0.41837323540785515
17031301802,0.3744681955165989,1.3309958146737357,1.7054640101903347
17031301803,0.15264309108840904,0.6079028705235764,0.7605459616119854
17031310200,-0.23018410526346694,-0.4081276166887848,-0.6383117219522517
17031310300,-0.2695401721781458,0.20202205970421308,-0.06751811247393272
17031310400,-0.5307213435210144,0.09659063032867626,-0.43413071319233815
17031310500,-0.5951221802904889,0.5845219716380048,-0.010600208652484122
17031310600,0.9469200779119274,0.008018568124760223,0.9549386460366877
17031310700,-0.06918201333978077,0.26953198985418453,0.20034997651440375
17031310800,0.5927154756798179,0.43078289993690705,1.0234983756167249
17031310900,0.1991548065330295,0.06519066281706164,0.2643454693500911
17031320101,4.853904175260045,-0.9321447668153073,3.9217594084447374
17031320102,2.8073886956967455,-0.25252870075815287,2.554859994938593
17031320400,-0.4054974942470363,-1.4011153585118532,-1.8066128527588896
17031320600,2.435294972139782,-0.7584304850125901,1.6768644871271916
17031330101,-0.9314376611977444,-2.0317716290720518,-2.963209290269796
17031330102,7.9594556372547025,-0.7949510626107142,7.164504574643988
17031330103,3.412040996476811,-0.25332577685652463,3.1587152196202863
17031330200,-0.3375188332125911,-1.3595707861118709,-1.697089619324462
17031340300,-0.21587280820358373,0.8270263361123209,0.6111535279087372
17031340400,-0.054870716279897556,1.1276689481254496,1.072798231845552
17031340500,-0.2695401721781458,0.6034102597872992,0.33387008760915343
17031340600,-0.45916485822159836,1.5939343118517642,1.1347694536301658
17031350100,1.6517514581111759,0.6998564676902816,2.3516079258014573
17031350400,-0.24449540232335015,1.6123878312201283,1.3678924288967782
17031351000,2.764454804517096,0.616743169069154,3.38119797358625
17031351100,0.9218753080571318,1.723350485641942,2.6452257936990735
17031351500,-0.702456908239613,0.2430835556809399,-0.4593733525586732
17031360200,0.46391380214086897,1.4764501257159999,1.9403639278568687
17031380100,0.3064895344821536,0.17038055398097066,0.4768700884631243
17031380200,1.3333250985287743,1.693955285286838,3.0272803838156124
17031380600,2.034578654463052,0.9211296233625137,2.9557082778255657
17031381200,0.04530836313928494,0.986997093673416,1.032305456812701
17031381400,-0.20156151114370052,0.9501866702213386,0.748625159077638
17031381500,-0.26596234791317497,1.4620786021241454,1.1961162542109705
17031381800,0.03815271460934334,1.062501938628268,1.1006546532376114
17031381900,-0.7525464479492042,0.32655916161950926,-0.42598728632969496
17031390100,0.1061313756437886,0.7578739461232804,0.864005321767069
17031390200,-0.6452117200000802,-0.5684848353884844,-1.2136965553885646
17031390400,0.4782250992007522,1.1778122808593818,1.656037380060134
17031390500,-0.11569372878440122,0.08048003161310167,-0.035213697171299546
17031390600,-0.31247406335779543,-0.19980090915980306,-0.5122749725175985
17031390700,3.2939727957327745,0.32767023739299717,3.6216430331257716
17031400300,-0.4090753185120071,-0.08323456822822445,-0.4923098867402316
17031400400,0.31006735874712443,1.329305047192341,1.6393724059394654
17031400500,1.0363656845361975,1.1810488928951945,2.2174145774313923
17031400800,0.9826983205616355,1.5509405101820148,2.5336388307436506
17031410100,1.2367238433745626,0.5637255316168508,1.8004493749914134
17031410200,0.2063104550629711,0.7348070469128251,0.9411175019757961
17031410500,1.1079221698356136,0.5321081797147712,1.640030349550385
17031410600,0.846740998492745,0.9128931703460056,1.7596341688387507
17031410700,0.9898539690915771,1.0182279844368913,2.0080819535284684
17031410800,0.5998711242097595,0.36909404068716567,0.9689651648969252
17031410900,1.959444344898665,0.3246751635688124,2.2841195084674775
17031411000,1.776975307385154,0.3955666286815731,2.172541936066727
17031411100,-0.1944058626137589,-0.730170514252137,-0.9245763768658959
17031411200,-0.46632050675153996,-0.3333473863688164,-0.7996678931203564
17031420200,0.098975727113847,1.036077658276186,1.1350533853900329
17031420300,0.15979873961835067,1.0699413155464041,1.2297400551647548
17031420400,0.36373472272168644,1.1913625745317018,1.5550972972533883
17031420500,0.16337656388332147,1.5690558760541002,1.7324324399374218
17031420600,-0.17651674128890488,0.8280166427799949,0.65149990149109
17031420700,0.34942342566180323,1.1882225777805402,1.5376460034423434
17031420800,0.3959351411064237,0.9596308142959857,1.3555659554024095
17031421200,0.4317133837561317,1.007696918409919,1.4394103021660507
17031430101,2.524740578764052,1.3380004228109421,3.862741001574994
17031430102,1.2331460191095918,0.8288378726995295,2.0619838918091213
17031430200,1.3691033411784823,0.7920274492474519,2.1611307904259345
17031430300,0.6928945550990004,1.1769668971186846,1.869861452217685
17031430400,0.9612313749718107,1.0943125210996498,2.0555438960714607
17031430500,2.3279602441906575,1.3030498435883988,3.6310100877790563
17031430600,0.10970919990875941,1.0577194820380373,1.1674286819467967
17031430700,1.5444167301620517,1.315996291731649,2.8604130218937005
17031430800,-0.4126531427769779,0.6164050155728751,0.20375187279589718
17031430900,-0.11569372878440122,1.1701555195507805,1.0544617907663791
17031431200,-0.3375188332125911,0.691016169144704,0.3534973359321129
17031431301,1.5730393242818181,0.9669977297506338,2.540037054032452
17031431302,2.6571200765679714,1.3329764280090837,3.990096504577055
17031431400,2.521162754499081,0.9357426851659959,3.4569054396650767
17031440101,3.844957732538278,1.3375415002088493,5.182499232747127
17031440102,2.6177640096532926,1.3455364150137297,3.9633004246670223
17031440201,2.413828026549957,1.144238469443117,3.558066495993074
17031440202,1.1079221698356136,1.2709494152630634,2.3788715850986772
17031440300,0.8682079440825697,0.6773451063665702,1.54555305044914
17031440600,-0.7811690420689708,0.4629799435468934,-0.31818909852207733
17031440700,-0.813369460453708,0.1344155142695905,-0.6789539461841174
17031440800,0.15264309108840904,1.4584072213074029,1.611050312395812
17031440900,-0.5664995861707225,0.73415489374143,0.16765530757070746
17031450300,-0.14073849863919685,0.999991849458992,0.8592533508197951
17031460100,0.07393095725905137,1.082960225153143,1.1568911824121944
17031460200,-0.08349331039966398,1.4069112745883547,1.3234179641886907
17031460301,0.2850225888923288,1.0339279681926985,1.3189505570850273
17031460302,0.263555643302504,0.9421676015952954,1.2057232448977995
17031460400,0.34584560139683246,0.41305399520342617,0.7588995966002586
17031460500,1.118655642630526,0.8333546372569693,1.9520102798874954
17031460800,0.7930736345181829,1.2187530077302948,2.0118266422484776
17031461000,0.13833179402852583,1.7552335295768122,1.893565323605338
17031470100,-0.5271435192560436,0.9713695713810971,0.4442260521250535
17031480100,-0.5772330589656349,0.3537322104276373,-0.22350084853799762
17031480200,-0.45916485822159836,0.8487164675164978,0.3895516092948994
17031480300,-0.7453907994192627,0.7607965584839769,0.015405759064714197
17031480400,-0.3768749001272699,0.41153230447017103,0.034657404342901155
17031480500,-0.31962971188773703,0.6417665277937946,0.3221368159060576
17031490200,-0.11569372878440122,0.6407762211261205,0.5250824923417193
17031490500,-0.8956594185480364,-0.01562802279360187,-0.9112874413416383
17031490600,-0.9851050251723065,0.3809535668780909,-0.6041514582942156
17031490700,-0.6702564898548757,1.1014862059849955,0.43122971613011973
17031490800,-0.33394100894762024,0.5154661969336154,0.18152518798599515
17031490901,0.9648091992367814,1.3012141531800274,2.2660233524168087
17031490902,0.263555643302504,0.2641698415560473,0.5277254848585513
17031491000,0.9469200779119274,1.2162651641505284,2.1631852420624558
17031491100,-0.6416338957351093,0.18902730391863717,-0.4526065918164721
17031491200,-0.7883246905989123,0.7213050608828308,-0.06701962971608155
17031491300,-0.24807322658832096,1.1962174925854205,0.9481442659970996
17031491400,0.7966514587831537,1.4465476951164775,2.2431991538996314
17031500100,-0.20513933540867132,0.32583454698462583,0.1206952115759545
17031500200,-0.20156151114370052,0.9236899284057684,0.7221284172620679
17031500300,-0.5235656949910729,0.8398278613285945,0.3162621663375217
17031510100,-0.22302845673352534,0.3557128237629853,0.13268436702945996
17031510200,-0.14431632290416765,0.4640910193203813,0.3197746964162137
17031510300,1.3941481110332778,1.2327622240047076,2.6269103350379854
17031520100,-0.6738343141198466,0.9778427954527222,0.3040084813328756
17031520200,-0.06560418907480997,0.962142811696915,0.896538622622105
17031520300,-0.1908280383487881,0.6432399108847242,0.4524118725359361
17031520400,-0.5450326405808976,0.8820728945422976,0.3370402539614
17031520500,-0.6845677869147591,-0.08166456985264371,-0.7662323567674028
17031520600,-0.7060347325045838,0.2862947417411542,-0.4197399907634296
17031530100,-0.16936109275896327,1.3764533061020887,1.2070922133431254
17031530200,0.07035313299408057,1.0499661054447849,1.1203192384388654
17031530300,-0.14789414716913846,0.43701458579690444,0.289120438627766
17031530400,-0.4877874523413648,0.5680973732473141,0.08030992090594935
17031530501,1.340480747058716,1.0380824254326968,2.378563172491413
17031530502,-1.067394983266635,0.2601361534218629,-0.807258829844772
17031530503,-0.20513933540867132,0.8312049471734819,0.6260656117648106
17031530600,-0.43769791263177354,0.49022545381850985,0.052527541186736304
17031540101,1.1222334668954967,1.7797738118781972,2.902007278773694
17031540102,0.6070267727397011,1.5980887690917622,2.2051155418314634
17031550100,0.5318924631753142,0.7889840677809417,1.320876530956256
17031550200,-1.0387723891468685,0.21528250752257957,-0.8234898816242889
17031560100,-0.9278598369327736,0.3128397911990499,-0.6150200457337237
17031560200,-1.0101497950271021,0.7031655411895826,-0.3069842538375195
17031560300,-0.9135485398728904,0.2849421277560385,-0.628606412116852
17031560400,-0.9421711339926568,0.43771504661062505,-0.5044560873820318
17031560700,-0.6702564898548757,-0.062172436174279866,-0.7324289260291557
17031560800,-0.3876083729221823,-0.5590889989561628,-0.9466973718783451
17031560900,-0.9493267825225985,-0.6750031867163463,-1.6243299692389448
17031561000,-0.43769791263177354,-0.04850137339614611,-0.4861992860279197
17031561100,-0.8026359876587955,-0.4011471623727412,-1.2037831500315366
17031570100,-1.0888619288564598,0.2603776916334907,-0.828484237222969
17031570300,0.40666861390133613,0.7238170582837599,1.130485672185096
17031570400,-0.5772330589656349,0.3332014624392739,-0.24403159652636103
17031570500,-0.8706146486932408,0.14125104565865737,-0.7293636030345834
17031580100,-0.6559451927949925,1.1193117260031276,0.46336653320813503
17031580200,0.13117614549858422,1.1684164444270604,1.2995925899256446
17031580300,-0.6094334773503721,0.12149321994750294,-0.48794025740286917
17031580400,-0.01551464936521872,0.68550909791959,0.6699944485543713
17031580501,0.35300124992677406,0.30441010761323956,0.6574113575400136
17031580502,-0.1979836868787297,0.5970336510003251,0.39904996412159544
17031580600,-0.6988790839746423,0.20463067238979338,-0.4942484115848489
17031580700,0.005952296224606102,0.6196416276086877,0.6255939238332938
17031580800,-0.8491477031034159,0.6037725671047409,-0.245375135998675
17031590500,-0.3768749001272699,0.3919677093283188,0.01509280920104894
17031590600,-0.24091757805837935,-0.18946307370213303,-0.4303806517605124
17031590700,-0.36256360306738666,0.36025374214158806,-0.0023098609257986014
17031600400,0.3959351411064237,0.4904669920301376,0.8864021331365612
17031600600,-0.3732970758622991,0.5195723465312881,0.14627527066898904
17031600700,-0.45916485822159836,0.38375541013297343,-0.07540944808862493
17031600900,1.4156150566231027,0.8010126707200064,2.216627727343109
17031610300,0.25282217050759154,1.0241215168006097,1.2769436873082012
17031610400,-0.4412757368967444,0.8926522682115955,0.4513765313148511
17031610800,-0.86703682442827,-0.5188245790778078,-1.3858614035060777
17031611300,0.8395853499628033,0.936829607118321,1.7764149570811243
17031611400,0.8360075256978325,1.2208785439926195,2.056886069690452
17031611500,-0.1979836868787297,0.7638157861293244,0.5658320992505947
17031611600,-0.9493267825225985,0.14448765769446997,-0.8048391248281286
17031611800,-0.6130113016153429,0.8549239995553324,0.24191269793998949
17031611900,-0.813369460453708,0.9551865112020341,0.14181705074832618
17031612000,-0.46632050675153996,0.7391788885432883,0.2728583817917483
17031612100,-0.41623096704194873,1.4738656668515824,1.0576346998096335
17031612200,0.6356493668594675,0.6524908243900691,1.2881401912495365
17031620100,-0.7275016780944087,-0.6395936848917101,-1.367095362986119
17031620200,-0.3840305486572115,0.5680973732473141,0.18406682459010265
17031620300,0.098975727113847,0.3252548552767191,0.4242305823905661
17031620400,0.11328702417373021,0.7360147379709641,0.8493017621446943
17031630300,0.3887794925764821,0.5660442984484778,0.95482379102496
17031630400,0.03099706607940173,0.5442817055808126,0.5752787716602143
17031630500,-0.1908280383487881,0.7831629968807116,0.5923349585319235
17031630600,-0.5629217619057517,0.6197623967145016,0.0568406348087499
17031630800,-0.3053184148278538,0.2794833641732501,-0.02583505065460373
17031630900,-0.11927155304937202,0.8308184860348774,0.7115469329855054
17031640100,-0.7704355692740583,0.7212084455981796,-0.04922712367587867
17031640300,0.0882422543189346,-0.1279674450216939,-0.039725190702759317
17031640400,-0.8169472847186787,-0.3121161775667323,-1.129063462285411
17031640500,-0.3661414273323575,0.35556790083600864,-0.01057352649634885
17031640600,-0.41623096704194873,0.28523197360999186,-0.13099899343195687
17031640700,-0.18367238981884648,0.23136895241699137,0.04769656259814489
17031640800,-0.6809899626497882,0.8559384600441692,0.174948497394381
17031650100,-0.17651674128890488,0.45394641443201356,0.2774296731431087
17031650200,0.30291171021718283,0.16750624926259977,0.4704179594797826
17031650301,-0.1944058626137589,0.7849986872890828,0.5905928246753239
17031650302,-0.9063928913429489,0.520466037914311,-0.38592685342863786
17031650400,-0.5271435192560436,0.2601361534218629,-0.2670073658341807
17031650500,-0.5092543979311897,0.5177849637652424,0.008530565834052761
17031660301,0.43529120802110255,1.4669093663567014,1.902200574377804
17031660302,0.7036280278939128,0.7690571653216477,1.4726851932155605
17031660400,0.8610522955526282,0.9532542055090117,1.81430650106164
17031660500,-0.02624812216013113,0.36307973921763337,0.33683161705750225
17031660600,1.0864552242457888,1.0031560000313162,2.089611224277105
17031660700,-0.2731179964431166,1.3935059038430115,1.120387907399895
17031660800,1.5372610816321102,0.9666837300755177,2.503944811707628
17031660900,0.7465619190735625,1.0659800888757083,1.8125420079492707
17031661000,0.2707112918324456,0.7875348385111748,1.0582461303436204
17031661100,-0.813369460453708,0.20972712865514007,-0.6036423317985679
17031670100,-0.5128322221961604,1.5596841934429413,1.046851971246781
17031670200,-0.9457489582576276,0.7416908859442175,-0.2040580723134101
17031670300,-0.4412757368967444,1.3832888374911554,0.942013100594411
17031670400,-0.21587280820358373,1.032019816320839,0.8161470081172553
17031670500,-0.6988790839746423,1.2579788132986502,0.559099729324008
17031670600,-0.9922606737022481,0.816350347158372,-0.17591032654387617
17031670700,-0.8097916361887372,1.0654245509889644,0.2556329148002272
17031670800,-0.5879665317605473,0.7589125604332799,0.17094602867273267
17031670900,-0.8276807575135912,1.3600528615325607,0.5323721040189695
17031671100,-0.17293891702393407,1.6939311314656753,1.5209922144417412
17031671200,-0.6845677869147591,1.146219082778465,0.461651295863706
17031671300,-0.6595230170599634,1.1663875234493868,0.5068645063894234
17031671500,-0.3303631846826494,0.583193511474052,0.25283032679140255
17031671600,0.07035313299408057,1.014073527196893,1.0844266601909736
17031671800,-0.738235150889321,0.8389824775878972,0.10074732669857622
17031671900,-0.7239238538294378,1.2107580929254145,0.4868342390959767
17031672000,0.16337656388332147,1.0488550296712968,1.2122315935546184
17031680500,-0.9063928913429489,0.9907892435959726,0.08439635225302378
17031680600,-0.6881456111797298,0.7636225555600221,0.07547694438029229
17031680900,1.5623058514869057,1.5556263514875943,3.1179322029745
17031681000,0.7608732161334457,1.3698593129246495,2.130732529058095
17031681100,0.13475396976355503,1.411621269715097,1.5463752394786519
17031681200,0.23851087344770833,1.4870778070276232,1.7255886804753315
17031681300,0.4925363962606354,1.525482382676444,2.0180187789370794
17031681400,-0.7167682052994963,0.8961062646378731,0.17933805933837688
17031690300,-0.17293891702393407,1.2870117063363125,1.1140727893123783
17031690400,1.2403016676395333,1.0239282862313075,2.264229953870841
17031690500,-0.8992372428130072,0.6561622052068118,-0.24307503760619542
17031690900,1.2224125463146793,1.278702791856316,2.5011153381709956
17031691000,0.2707112918324456,0.23327710428885104,0.5039883961212966
17031691100,0.4674916264058398,1.4892274971111108,1.9567191235169505
17031691200,0.25997781903753314,1.3819845311483654,1.6419623501858984
17031691300,-0.0942267831945764,0.5393543260636053,0.44512754286902895
17031691400,1.007743090416431,1.3390873447632672,2.3468304351796982
17031691500,0.22062175212285431,1.556085274089687,1.7767070262125415
17031700100,-0.7668577450090874,0.14924596046353772,-0.6176117845455498
17031700200,-0.4054974942470363,0.11639676368215626,-0.28910073056488006
17031700301,-0.7990581633938247,-0.20250613713003449,-1.0015643005238593
17031700302,-1.0530836862067519,-0.10683285150426099,-1.1599165377110128
17031700401,-0.3983418457170947,-0.013381717425463286,-0.411723563142558
17031700402,-1.0351945648818976,0.0009173447029027614,-1.034277220178995
17031700501,0.299333885952212,0.5065051292822239,0.8058390152344359
17031700502,-0.2874292935029998,0.10011708821844222,-0.18731220528455755
17031710100,-0.7310795023593795,1.364086549666745,0.6330070473073655
17031710200,1.62670668825638,1.2000337963291399,2.82674048458552
17031710300,-0.6523673685300218,0.766496860278393,0.11412949174837128
17031710400,1.029210036006256,0.9792678709013263,2.008477906907582
17031710500,1.13654476395538,1.1790441257386837,2.3155888896940637
17031710600,-0.12284937731434283,0.8398278613285945,0.7169784840142517
17031710700,0.42813555949116094,1.2396702168572626,1.6678057763484235
17031710800,0.9970096176215187,1.1371372460212597,2.1341468636427785
17031710900,-0.5378769920509561,0.8005779019390763,0.2627009098881202
17031711000,0.06677530872910976,0.8758170548611375,0.9425923635902472
17031711100,-0.5521882891108393,0.8968550330939193,0.34466674398308006
17031711200,-0.24091757805837935,0.5893044282282354,0.34838685016985604
17031711300,-0.6774121383848174,0.4780519279524685,-0.19936021043234892
17031711400,-0.2981627662979122,0.547204317941509,0.24904155164359681
17031711500,-0.9958384979672189,0.7389373503316605,-0.2569011476355584
17031720100,-1.0960175773864014,-1.510411399273435,-2.6064289766598363
17031720200,-0.8455698788384451,-0.9258164656706589,-1.771386344509104
17031720300,-0.9493267825225985,-1.5887905489466576,-2.538117331469256
17031720400,-0.9851050251723065,-0.9022664900369479,-1.8873715152092543
17031720500,-1.0423502134118394,-0.809612432056522,-1.8519626454683613
17031720600,-1.0709728075316058,-1.7685191322189073,-2.839491939750513
17031720700,0.03099706607940173,0.0019801128340651026,0.03297717891346683
17031730100,-0.8241029332486204,0.4171359909799361,-0.4069669422686843
17031730201,1.902199156659132,1.1481755422926503,3.0503746989517824
17031730202,-0.5342991677859853,0.1798488518767806,-0.3544503159092047
17031730300,-0.9743715523773941,0.5781695166721936,-0.3962020357052005
17031730400,-0.4412757368967444,0.11178338384006518,-0.3294923530566792
17031730500,-0.8527255273683868,0.4151553776445881,-0.4375701497237987
17031730600,-0.7525464479492042,0.3547466709164741,-0.3977997770327301
17031730700,-0.7561242722141751,0.7995634414502395,0.04343916923606439
17031740100,-0.9529046067875693,-0.4886323026243321,-1.4415369094119015
17031740200,-0.9278598369327736,-1.012939298604808,-1.9407991355375818
17031740300,-0.6702564898548757,-0.7595657146072408,-1.4298222044621165
17031740400,-0.4877874523413648,-0.04782506640358826,-0.5356125187449531
17031750100,-0.054870716279897556,0.7928969868093121,0.7380262705294145
17031750200,-0.16936109275896327,-7.296196477123843e-05,-0.16943405472373452
17031750300,-0.5164100464611312,-0.3724282690101952,-0.8888383154713264
17031750400,-0.8956594185480364,-0.6236038552819495,-1.5192632738299858
17031750500,0.3995129653713945,0.5982896497007897,0.9978026150721842
17031750600,-0.3446744817425327,1.0045086140164319,0.6598341322738992
17031760801,0.8109627558430369,0.20897836019909385,1.0199411160421308
17031760802,-0.8563033516333576,-0.11591468826146645,-0.972218039894824
17031760803,1.190212127929942,0.16050164112539342,1.3507137690553355
17031770201,1.2725020860242706,-0.08347610643985226,1.1890259795844185
17031770202,-0.5128322221961604,-0.06825919910730055,-0.581091421303461
17031770300,0.7394062705436208,0.25332477585395885,0.9927310463975797
17031770400,-0.4770539795464524,0.036834076771957346,-0.4402199027744951
17031770500,-0.8419920545734744,0.29404811833440675,-0.5479439362390677
17031770601,-1.0960175773864014,0.04296914734730359,-1.0530484300390979
17031770602,-0.2802736449730582,0.05267898345474134,-0.22759466151831684
17031770700,-0.4806318038114232,0.2282289556658299,-0.2524028481455933
17031770800,-0.15862761996405086,-0.01954094182197231,-0.17816856178602317
17031770901,-0.7489686236842334,-0.017536174665461528,-0.766504798349695
17031770902,-0.11211590451943042,0.2322143361576887,0.12009843163825827
17031800100,-1.0602393347366934,-3.9104316852919556,-4.970671020028649
17031800200,-0.7883246905989123,-3.9038135382933534,-4.692138228892266
17031800800,-0.9278598369327736,-0.8173899624709373,-1.745249799403711
17031800900,-1.0029941464971606,-1.3994245910304586,-2.4024187375276194
17031801000,-0.4985209251362772,-1.842260748228876,-2.340781673365153
17031801100,-0.9314376611977444,-3.5805871034930252,-4.51202476469077
17031801200,-1.0351945648818976,-2.813437589541954,-3.8486321544238518
17031801300,-0.2874292935029998,-2.4888826945776725,-2.776311988080672
17031801400,-1.0244610920869854,-1.981773219265096,-3.0062343113520815
17031801500,-0.23018410526346694,-1.6137897538501353,-1.8439738591136023
17031801601,0.42813555949116094,-0.43580789574133116,-0.00767233625017022
17031801603,0.4317133837561317,0.19492083628235563,0.6266342200384873
17031801605,-0.9815272009073357,-1.334016043321649,-2.3155432442289845
17031801606,-0.6165891258803138,-1.5580668884276008,-2.1746560143079146
17031801607,-0.43412008836680277,-1.6531846361666305,-2.0873047245334333
17031801608,-0.058448540544868366,-1.4044727396534797,-1.4629212801983482
17031801701,-1.0960175773864014,-3.633339048912538,-4.729356626298939
17031801702,-0.7310795023593795,-2.1768394789757113,-2.907918981335091
17031801800,-0.648789544265051,-2.227345119027085,-2.8761346632921363
17031801901,-0.5235656949910729,-0.29165789104185724,-0.8152235860329301
17031801902,-1.0602393347366934,-2.8109255921410248,-3.871164926877718
17031802002,-0.720346029564467,-1.1082261230919772,-1.8285721526564442
17031802003,-0.8813481214881532,-2.1259715316068957,-3.007319653095049
17031802004,1.2224125463146793,0.9694372656880746,2.191849812002754
17031802100,-0.6559451927949925,-2.257634010765212,-2.9135792035602046
17031802200,-0.4877874523413648,-2.1869599300429163,-2.674747382384281
17031802300,1.7054188220857378,-0.5748855979966212,1.1305332240891166
17031802402,0.27428911609741635,0.201152522142353,0.47544163823976937
17031802403,-0.9421711339926568,-0.006159724897791921,-0.9483308588904488
17031802404,0.6606941367142631,0.14248289053795918,0.8031770272522223
17031802503,-0.7883246905989123,-0.4542372612885327,-1.2425619518874451
17031802504,-0.8097916361887372,-0.3150387899274288,-1.124830426116166
17031802505,1.5122163117773144,0.1783513149646882,1.6905676267420027
17031802506,-0.8205251089836495,0.10178370187867407,-0.7187414071049755
17031802605,-0.008359000835277111,-0.7754589289323504,-0.7838179297676274
17031802607,-1.0709728075316058,-0.8086704330311736,-1.8796432405627794
17031802608,-0.5915443560255181,-0.08473210514031684,-0.676276461165835
17031802609,0.717939324953796,0.4507581100385265,1.1686974349923225
17031802610,-1.0208832678220146,-1.3581698644844296,-2.379053132306444
17031802701,-0.9994163222321897,-1.772601127995417,-2.7720174502276067
17031802702,-0.3840305486572115,-0.17840062360957956,-0.5624311722667911
17031802801,-0.7167682052994963,-1.2434392139612223,-1.9602074192607186
17031802802,0.15264309108840904,-0.7438898846725963,-0.5912467935841873
17031802900,-0.8455698788384451,-2.234301419521966,-3.079871298360411
17031803005,-0.9207041884028321,-1.1065595094317453,-2.0272636978345773
17031803007,-0.3303631846826494,-0.10345131654147172,-0.43381450122412113
17031803008,-0.9743715523773941,-2.078171119525753,-3.052542671903147
17031803010,-0.9099707156079196,-0.7694204736416552,-1.679391189249575
17031803012,-0.6022778288204306,0.033935618232423685,-0.5683422105880069
17031803013,-0.6416338957351093,-0.4177166836904086,-1.059350579425518
17031803014,0.005952296224606102,0.10241170122890636,0.10836399745351247
17031803015,-0.25165105085329176,-0.5014338278406058,-0.7530848786938975
17031803016,-0.484209628076394,-1.1081778154496515,-1.5923874435260457
17031803017,-0.08349331039966398,-0.5181965797275754,-0.6016898901272394
17031803100,-0.9350154854627153,-2.0003958153815997,-2.935411300844315
17031803200,-0.23733975379340855,-0.31767155643417183,-0.5550113102275804
17031803300,0.8360075256978325,-0.2250416522749087,0.6109658734229239
17031803400,-0.3589857788024159,-1.134988556940338,-1.4939743357427537
17031803500,-0.6237447744102553,-1.074676465496875,-1.6984212399071303
17031803603,-0.4913652766063356,-2.1041123234545793,-2.595477600060915
17031803604,-0.01551464936521872,-0.0036718813180255305,-0.01918653068324425
17031803605,-0.4054974942470363,-0.574692367427319,-0.9801898616743553
17031803607,-0.9922606737022481,-0.931081998684145,-1.9233426723863931
17031803608,2.120446436822351,-0.5102258187438579,1.6102206180784933
17031803611,1.2760799102892415,0.5707784473963827,1.8468583576856243
17031803612,0.481802923465723,0.3542635944932185,0.8360665179589415
17031803613,-0.02624812216013113,0.5607304577926661,0.5344823356325349
17031803614,0.936186605117015,0.5753918272384738,1.5115784323554888
17031803615,-0.45916485822159836,-0.49928413775711833,-0.9584489959787167
17031803616,0.2886004131572996,-0.07432180821915844,0.21427860493814116
17031803701,-0.18367238981884648,0.04437006897474485,-0.13930232084410163
17031803702,-0.07991548613469318,-0.7076833067495883,-0.7875987928842816
17031803800,-0.8956594185480364,-1.1137331943170912,-2.0093926128651276
17031803901,0.02384141754946012,0.5024955949692023,0.5263370125186624
17031803902,-0.9314376611977444,-0.6220338569063687,-1.553471518104113
17031804000,-0.6201669501452846,0.0017868822647628588,-0.6183800678805217
17031804102,-0.8741924729582116,-1.8939016178749006,-2.768094090833112
17031804104,-0.6344782472051678,-1.5637913440431799,-2.198269591248348
17031804105,-1.0960175773864014,-1.611326064091532,-2.7073436414779333
17031804106,-0.25165105085329176,-1.5183580064359898,-1.7700090572892817
17031804108,1.322591625733862,-0.036303693708941966,1.2862879320249199
17031804109,-0.8026359876587955,-1.4277811770755628,-2.2304171647343582
17031804202,-0.9135485398728904,-2.3329939327930873,-3.2465424726659777
17031804203,-1.0960175773864014,-3.845457906364076,-4.9414754837504775
17031804204,-0.5199878707261021,-1.7023618160540515,-2.2223496867801535
17031804305,-0.4877874523413648,0.18854422749538158,-0.2992432248459832
17031804306,-0.8097916361887372,-0.4339480515117971,-1.2437396877005342
17031804308,-0.2695401721781458,0.07308896233729086,-0.19645120984085496
17031804309,-0.795480339128854,-0.1044657770303085,-0.8999461161591624
17031804312,-1.085284104591489,-2.3122458004142588,-3.3975299050057477
17031804313,-0.4126531427769779,-1.0530829493773493,-1.4657360921543272
17031804314,-1.031616740616927,-0.3469701415046246,-1.3785868821215517
17031804315,-0.9278598369327736,-0.35110044492346004,-1.2789602818562336
17031804316,-1.04592803767681,-0.7141082231788879,-1.7600362608556979
17031804403,0.2778669403623872,-0.004227419204769482,0.2736395211576177
17031804404,-0.5593439376407808,0.017486866020570174,-0.5418570716202107
17031804405,-0.22660628099849614,0.25032970202977406,0.02372342103127792
17031804406,-0.9063928913429489,0.2889999697113856,-0.6173929216315632
17031804505,-0.7847468663339415,-0.1787146232846957,-0.9634614896186372
17031804506,-0.20513933540867132,-0.9878917860590047,-1.193031121467676
17031804508,-0.12284937731434283,0.8053120508869812,0.6824626735726383
17031804509,-0.5164100464611312,0.00939533593103871,-0.5070147105300925
17031804510,-0.45916485822159836,0.2839276672672017,-0.17523719095439666
17031804511,-0.5664995861707225,0.0073905687745279315,-0.5591090173961946
17031804512,-1.0709728075316058,-1.6626529340624403,-2.733625741594046
17031804513,-0.9600602553175109,-0.8723157517951001,-1.832376007112611
17031804514,-0.6165891258803138,-0.6938190134021524,-1.3104081392824662
17031804603,0.26713346756747475,-0.3657859681904306,-0.09865250062295583
17031804606,-0.8634590001632992,-1.0069249971352758,-1.8703839972985752
17031804607,-0.5987000045554597,-0.7428512703625967,-1.3415512749180563
17031804608,-0.6953012597096714,-0.7490346485802685,-1.4443359082899399
17031804609,0.5247368146453726,-0.5584851534270933,-0.03374833878172068
17031804610,-0.573655234700664,0.3748668039450702,-0.19878843075559383
17031804611,-0.3804527243922407,0.19487252864003005,-0.18558019575221066
17031804701,1.4013037595632196,0.36322466214461,1.7645284217078296
17031804705,-0.36256360306738666,0.15864179689585933,-0.20392180617152733
17031804706,-1.0065719707621312,-0.9344152260046087,-1.94098719676674
17031804709,1.4120372323581318,-0.3246278569290526,1.0874093754290792
17031804710,-0.7489686236842334,-0.5339207173045455,-1.282889340988779
17031804711,0.3995129653713945,0.04574683678102334,0.4452598021524179
17031804712,-0.283851469238029,-0.3980554732639053,-0.6819069425019343
17031804713,1.4048815838281903,0.2812707469392958,1.6861523307674862
17031804714,-0.8455698788384451,-0.36085858867322335,-1.2064284675116685
17031804715,-0.36971925159732827,0.3238056260069523,-0.045913625590375984
17031804716,-0.4985209251362772,-0.46962324536922384,-0.9681441705055011
17031804803,-0.3661414273323575,-0.42447975361598717,-0.7906211809483447
17031804804,-0.11927155304937202,0.10113154870727899,-0.018140004342093036
17031804805,-0.5772330589656349,-0.6084352555917233,-1.185668314557358
17031804806,-0.7418129751542919,-0.15127588244377707,-0.893088857598069
17031804807,-0.9779493766423649,-0.4890429175840994,-1.4669922942264644
17031804808,-1.0960175773864014,-1.4547851491355515,-2.550802726521953
17031804809,-0.9314376611977444,-0.7469332661391066,-1.678370927336851
17031804810,0.6428050153894092,-0.254050391491408,0.38875462389800114
17031804901,-0.5450326405808976,-0.6917417847821532,-1.2367744253630508
17031804902,-1.028038916351956,-1.0734929282598988,-2.1015318446118547
17031805001,-0.9600602553175109,-1.3366488098283922,-2.2967090651459032
17031805002,1.2868133830841537,0.2904250451599897,1.5772384282441434
17031805105,0.46391380214086897,0.06753358346985133,0.5314473856107202
17031805106,-1.0960175773864014,-0.04200399550335816,-1.1380215728897596
17031805107,1.4370820022129276,0.2646529179793029,1.7017349201922305
17031805108,1.7483527132653875,0.1881336125356143,1.9364863258010019
17031805109,-0.795480339128854,-0.3457624504464855,-1.1412427895753394
17031805110,-0.06560418907480997,-0.48266630879712535,-0.5482704978719353
17031805111,2.9683907876204314,0.7685982427195549,3.7369890303399864
17031805112,-0.7597020964791459,-0.4086348469332031,-1.168336943412349
17031805201,-0.8276807575135912,-0.9190775495662431,-1.7467583070798343
17031805202,0.01310794475454771,-0.3546510566343888,-0.3415431118798411
17031805301,-0.7418129751542919,-1.2160004731203036,-1.9578134482745955
17031805302,-1.0029941464971606,-0.6058266429061431,-1.6088207894033038
17031805401,-0.9529046067875693,-1.1194334961115073,-2.0723381028990766
17031805402,-1.0387723891468685,-0.2877691258346496,-1.326541514981518
17031805501,-0.3768749001272699,-0.6874907122575038,-1.0643656123847736
17031805502,-0.6058556530854013,-1.813662623972144,-2.4195182770575454
17031805600,-0.9278598369327736,-2.4985683768639473,-3.426428213796721
17031805701,-1.04592803767681,-3.106689132279272,-4.152617169956082
17031805702,-1.0173054435570437,-1.1629345280256749,-2.1802399715827185
17031805801,-1.0173054435570437,-0.6780224143616939,-1.6953278579187376
17031805802,-0.7167682052994963,-0.7807003081246737,-1.4974685134241699
17031805901,-0.5951221802904889,-0.1424355838981994,-0.7375577641886883
17031805902,-0.35540795453744506,-1.2623033482893538,-1.6177113028267989
17031806001,0.6141824212696427,0.5097658951391992,1.123948316408842
17031806002,0.4853807477306938,0.5511896984333677,1.0365704461640615
17031806004,1.6767962279659714,0.5456101657447655,2.222406393710737
17031806006,0.06319748446413896,0.6186271671198509,0.6818246515839899
17031806102,-0.6237447744102553,-0.3850607174783294,-1.0088054918885847
17031806103,-0.9099707156079196,-0.584039896217315,-1.4940106118252348
17031806104,1.3691033411784823,0.9138593231925167,2.282962664370999
17031806201,-0.20871715967364213,0.4088512303211024,0.20013407064746025
17031806202,0.5318924631753142,0.2349195641279201,0.7668120273032344
17031806300,-0.7489686236842334,-0.22088719503491044,-0.969855818719144
17031806400,-0.9707937281124233,-0.9415164494264662,-1.9123101775388895
17031806501,-0.7525464479492042,-0.06306612755730275,-0.815612575506507
17031806502,-0.7883246905989123,-0.004324034489420604,-0.792648725088333
17031806600,-0.8992372428130072,-0.8582099202360363,-1.7574471630490436
17031806700,-0.9171263641378612,-0.9065658702039229,-1.823692234341784
17031806801,-0.11211590451943042,0.21714235175211366,0.10502644723268324
17031806802,-0.6094334773503721,-0.8195879601967503,-1.4290214375471224
17031806900,0.25282217050759154,0.18347192505119767,0.4362940955587892
17031807000,1.7089966463507087,0.9241971586501868,2.6331938050008956
17031807100,-1.0351945648818976,-1.9222340500988422,-2.95742861498074
17031807200,-0.666678665589905,-1.0510057207573502,-1.7176843863472553
17031807300,1.1043443455706428,0.036061154494748365,1.1404055000653912
17031807400,0.34584560139683246,-0.03111062215894416,0.3147349792378883
17031807500,-0.9600602553175109,-1.5511588955750457,-2.5112191508925568
17031807600,-0.45916485822159836,-0.6940363977926174,-1.1532012560142157
17031807700,0.4853807477306938,0.6424669886075153,1.1278477363382091
17031807800,-1.0960175773864014,-1.4591086831236892,-2.5551262605100904
17031807900,-1.0638171590016643,-0.5457802434954707,-1.6095974024971351
17031808001,-1.0208832678220146,-0.5309014896591979,-1.5517847574812125
17031808002,0.34942342566180323,-0.537398867551986,-0.18797544189018273
17031808100,-0.502098749401248,0.9424091398069233,0.4403103904056753
17031808200,-0.7418129751542919,0.08176018413472905,-0.6600527910195628
17031808301,0.1025535513788178,0.04139914897172285,0.14395270035054064
17031808302,-0.5342991677859853,0.21178020345397638,-0.3225189643320089
17031808400,-0.9314376611977444,-0.8089361250639642,-1.7403737862617086
17031808500,-0.9922606737022481,-1.5249761534345916,-2.5172368271368395
17031808600,-0.8026359876587955,-1.8548448890546847,-2.65748087671348
17031808702,-0.7847468663339415,0.6017919537693929,-0.18295491256454866
17031808800,-0.4627426824865692,-1.9891884423620698,-2.451931124848639
17031808900,-0.8419920545734744,-2.5746529135267058,-3.4166449681001803
17031809000,-0.12642720157931364,-2.586995516140887,-2.7134227177202006
17031809100,-0.10496025598948881,-0.6507285964477519,-0.7556888524372407
17031809200,0.5533594087651391,0.8137658882939545,1.3671252970590935
17031809300,2.810966519961716,0.9857652487941143,3.7967317687558304
17031809401,1.0363656845361975,-0.25525808254954707,0.7811076019866504
17031809402,1.5909284456066721,1.0159575252475899,2.606885970854262
17031809500,2.2564037588912416,0.4153486082138903,2.6717523671051318
17031809600,-0.8169472847186787,0.16446286779608943,-0.6524844169225893
17031809700,-0.9743715523773941,-1.2908773187249232,-2.265248871102317
17031809800,0.15264309108840904,0.15156472729516465,0.3042078183835737
17031809900,-0.2766958207080874,-0.6734331883407656,-0.950129009048853
17031810000,0.2886004131572996,-0.5788951323096427,-0.2902947191523431
17031810100,0.01310794475454771,-0.17069555465865258,-0.15758760990410486
17031810200,0.882519241142453,0.20223944409467812,1.0847586852371311
17031810301,-0.8777702972231824,-0.2340510275686258,-1.1118213247918083
17031810302,-0.738235150889321,-1.1264381042487135,-1.8646732551380345
17031810400,-0.666678665589905,-1.768784824251698,-2.4354634898416028
17031810501,-1.0101497950271021,-0.0877513327856644,-1.0979011278127666
17031810502,-0.011936825100247916,0.20579005580560683,0.19385323070535893
17031810600,0.2850225888923288,0.08386156657589094,0.36888415546821973
17031810701,0.12044267270367182,0.552155851279879,0.6725985239835508
17031810702,-0.3947640214521239,-0.15745926066144889,-0.5522232821135729
17031810800,-0.9636380795824817,-0.2591710015779175,-1.222809081160399
17031810900,1.2331460191095918,0.6654614263544822,1.898607445464074
17031811000,-0.884925945753124,-0.5452488594298895,-1.4301748051830137
17031811100,0.5819820028849055,0.4834623838929313,1.0654443867778367
17031811200,-0.666678665589905,0.332525155446716,-0.33415351014318895
17031811301,-0.6523673685300218,0.39621878185296816,-0.2561485866770536
17031811302,0.8145405801080077,0.5921787329466063,1.406719313054614
17031811401,-0.35540795453744506,0.07267834737752359,-0.28272960715992146
17031811402,-0.23018410526346694,0.00048257592197271275,-0.22970152934149424
17031811500,-0.9493267825225985,0.14982565217144445,-0.7995011303511541
17031811600,0.8395853499628033,0.5471560102991835,1.3867413602619867
17031811701,-0.6344782472051678,0.2876473557262699,-0.34683089147889784
17031811702,-0.2552288751182626,0.25018477910279735,-0.005044096015465238
17031811800,-0.022670297895160327,-0.32141539871440283,-0.3440856966095632
17031811900,-0.43054226410183194,-2.2351468032626634,-2.6656890673644953
17031812000,-0.24807322658832096,-0.8443456268886003,-1.0924188534769212
17031812100,-0.5664995861707225,-1.300466385726547,-1.8669659718972695
17031812200,-0.8455698788384451,-3.077124855176028,-3.922694734014473
17031812301,2.7322543861323583,-0.05794551747079328,2.674308868661565
17031812302,-0.9779493766423649,-1.729269172829389,-2.707218549471754
17031812400,-1.0530836862067519,-3.652106567956018,-4.70519025416277
17031812500,0.7250949734837376,0.4954668330108332,1.220561806494571
17031812600,0.882519241142453,0.2460544756839619,1.128573716826415
17031812700,-0.573655234700664,-0.256803927103965,-0.8304591618046291
17031812801,0.2134661035929127,0.27861382661139,0.49207993020430274
17031812802,-0.14073849863919685,-0.3341927701095137,-0.47493126874871056
17031812900,-0.08707113466463479,-1.3159006774495636,-1.4029718121141985
17031813000,-0.4555870339566276,-2.0051541181506676,-2.4607411521072953
17031813100,-0.5521882891108393,-0.6999782377986613,-1.2521665269095006
17031813200,-0.8062138119237663,-1.28198871253702,-2.0882025244607862
17031813301,0.17411003667823388,0.8417118593792915,1.0158218960575254
17031813302,-0.4090753185120071,0.6284819261542653,0.21940660764225822
17031813400,0.40666861390133613,0.10074508756867451,0.5074137014700106
17031813500,0.12402049696864262,0.20240852084281757,0.32642901781146016
17031813600,0.299333885952212,0.7348553545551506,1.0341892405073625
17031813701,0.07750878152402217,0.7734048531309482,0.8509136346549704
17031813702,-0.06918201333978077,0.20579005580560683,0.13660804246582606
17031813801,-0.1944058626137589,0.8466392388964986,0.6522333762827397
17031813802,0.08466443005396378,0.26617460871255805,0.35083903876652184
17031813900,0.2063104550629711,0.19540391270561122,0.4017143677685823
17031814000,-0.22660628099849614,0.5966954975040462,0.37008921650555004
17031814100,0.2778669403623872,0.6135790184968297,0.891445958859217
17031814200,-0.13716067437422605,0.31622132616183923,0.17906065178761318
17031814300,0.36015689845671567,0.8038145139748889,1.1639714124316045
17031814400,0.005952296224606102,0.3163420952676531,0.3222943914922592
17031814500,-0.8777702972231824,-0.12255698908123108,-1.0003272863044135
17031814600,-0.44485356116171515,-0.3796261077167038,-0.824479668878419
17031814700,0.16695438814829228,0.18583899952515015,0.3527933876734424
17031814800,0.6213380697995843,0.4962639091092049,1.1176019789087892
17031814900,1.7483527132653875,0.6022508763714857,2.350603589636873
17031815000,0.3064895344821536,0.1116384609130885,0.4181279953952421
17031815100,-0.22660628099849614,0.02434655123079983,-0.2022597297676963
17031815200,0.6750054337741463,0.42257060074156166,1.097576034515708
17031815300,-0.813369460453708,-0.3645058156688032,-1.177875276122511
17031815400,1.923666102248957,0.5960674981538139,2.5197336004027706
17031815500,-0.4806318038114232,-0.02352632231383109,-0.5041581261252542
17031815600,-0.019092473630189524,0.2561024652876786,0.2370099916574891
17031815701,-0.8813481214881532,-2.4008178626181746,-3.282165984106328
17031815702,-1.013727619292073,-1.459470990441131,-2.473198609733204
17031815800,-0.8276807575135912,-0.6446176796935685,-1.4722984372071597
17031815900,1.025632211741285,0.25107847048582027,1.2767106822271053
17031816000,0.08466443005396378,-0.08149549310450425,0.003168936949459522
17031816100,0.9254531323221027,0.41170138121831046,1.3371545135404133
17031816200,-0.3446744817425327,0.27861382661139,-0.06606065513114268
17031816300,-0.36971925159732827,0.5057563608261777,0.13603710922884943
17031816401,-0.46632050675153996,-0.1272186765656477,-0.5935391833171877
17031816402,0.03815271460934334,0.6636981974095992,0.7018509120189426
17031816500,-0.8348364060435327,0.5782902857780075,-0.25654612026552526
17031816600,0.22419957638782512,0.5108528170915244,0.7350523934793496
17031816700,-0.6845677869147591,0.4611684069596849,-0.22339937995507414
17031816800,-0.13716067437422605,0.04224453271242017,-0.09491614166180587
17031816900,-0.7453907994192627,-0.3996496254606488,-1.1450404248799115
17031817000,-0.2802736449730582,0.2106449738593257,-0.06962867111373247
17031817101,0.0023744719596352987,0.389745557781343,0.3921200297409783
17031817102,-0.720346029564467,0.37798264687506894,-0.3423633826893981
17031817200,-0.008359000835277111,0.5845944331014932,0.5762354322662161
17031817300,-0.23733975379340855,0.4926166821136251,0.25527692832021653
17031817400,-0.5879665317605473,-0.28375959152162805,-0.8717261232821754
17031817500,0.08108660578899297,0.9005747215529875,0.9816613273419804
17031817600,0.0023744719596352987,0.8442480106013834,0.8466224825610187
17031817700,-0.5164100464611312,-0.016908175315229236,-0.5333182217763605
17031817900,0.6785832580391172,0.6284819261542653,1.3070651841933825
17031818000,-0.051292892014926754,0.5224224974284962,0.47112960541356946
17031818100,-1.0709728075316058,-0.6043774136363762,-1.675350221167982
17031818200,-0.8097916361887372,-0.5641129937580212,-1.3739046299467583
17031818300,-0.2623845236482042,0.32223562763137154,0.05985110398316734
17031818401,-0.7811690420689708,0.010699642273828858,-0.770469399795142
17031818402,-0.04771506774995595,0.3661231206841437,0.3184080529341878
17031818500,-1.0351945648818976,0.016230867320105587,-1.0189636975617922
17031818600,-0.0906489589296056,-0.3666071981099651,-0.45725615703957073
17031818700,-0.9242820126678029,-0.9142226315125243,-1.8385046441803272
17031818800,-0.9922606737022481,-0.6604625863763525,-1.6527232600786006
17031818900,0.22419957638782512,-0.38933594382414155,-0.16513636743631643
17031819000,-0.5700774104356933,-2.365794821932143,-2.9358722323678363
17031819100,0.3959351411064237,0.9674566523527266,1.3633917934591504
17031819200,-0.21229498393861293,-0.1987864486709663,-0.4110814326095792
17031819300,-0.8455698788384451,-0.47455062488643107,-1.3201205037248762
17031819400,0.14190961829349663,0.24738293584791482,0.38929255414141145
17031819500,-0.16578326849399247,-0.1438123517044779,-0.30959562019847037
17031819600,-0.9529046067875693,-3.0549758011697588,-4.0078804079573285
17031819700,-0.8956594185480364,-3.396776524444266,-4.292435942992302
17031819801,-0.9886828494372774,-3.5130771733430537,-4.501760022780331
17031819802,-1.0602393347366934,-2.8708029148035576,-3.9310422495402513
17031819900,-1.049505861941781,-3.7041097449194846,-4.753615606861265
17031820101,-0.8062138119237663,-0.8952377280785788,-1.701451540002345
17031820103,-0.6416338957351093,-0.12726698420797328,-0.7689008799430825
17031820104,-0.702456908239613,0.06412789468589929,-0.6383290135537137
17031820202,-0.6237447744102553,0.21950942622606615,-0.40423534818418916
17031820203,-1.0960175773864014,-1.0079394576241125,-2.103957035010514
17031820204,-0.6022778288204306,-0.35187336720066903,-0.9541511960210995
17031820300,0.1061313756437886,0.33274253983718105,0.43887391548096966
17031820400,0.5640928815600514,0.8137417344727916,1.377834616032843
17031820501,-0.484209628076394,0.30569026013486694,-0.17851936794152706
17031820502,0.34584560139683246,0.603096260112183,0.9489418615090155
17031820603,-0.5521882891108393,0.5468420106240672,-0.005346278486772049
17031820604,0.5640928815600514,0.8706481371323025,1.434741018692354
17031820605,1.630284512521351,0.5829036656200985,2.2131881781414497
17031820606,-0.4698983310165108,-0.32424139579044814,-0.794139726806959
17031820700,-0.5164100464611312,0.4909983760957188,-0.02541167036541242
17031820800,-0.7239238538294378,0.005917185683598322,-0.7180066681458395
17031820901,0.034574890344372534,0.3148928659978863,0.34946775634225885
17031820902,-0.18367238981884648,0.029104853999867588,-0.1545675358189789
17031821001,0.1848435094731463,0.8595132255762606,1.044356735049407
17031821002,-0.8419920545734744,0.33812884195648113,-0.5038632126169933
17031821101,-0.9636380795824817,-0.3898190202473971,-1.3534570998298787
17031821102,-0.795480339128854,-0.30747864390347845,-1.1029589830323325
17031821200,1.301124680144037,1.1515570772554395,2.4526817573994766
17031821300,2.2528259346262707,0.8986907235022906,3.1515166581285614
17031821401,-0.033403770690072734,0.8773628994155555,0.8439591287254827
17031821402,-0.04771506774995595,0.39158124818971435,0.3438661804397584
17031821500,-0.1979836868787297,1.2538002022374892,1.0558165153587595
17031821600,-0.7310795023593795,0.1042232378161149,-0.6268562645432646
17031821700,-0.6738343141198466,-0.6236038552819495,-1.2974381694017962
17031821800,-0.46632050675153996,-0.1097796176861202,-0.5761001244376601
17031821900,-0.9278598369327736,-0.3845776410550738,-1.3124374779878474
17031822000,-0.5879665317605473,0.6320808455075196,0.04411431374697239
17031822101,-0.3053184148278538,-0.03951615192359177,-0.3448345667514456
17031822102,-0.502098749401248,0.43498566481923084,-0.06711308458201715
17031822200,-0.8062138119237663,-0.01763278995011265,-0.8238466018738789
17031822301,-1.0709728075316058,-0.5188245790778078,-1.5897973866094137
17031822302,-1.04592803767681,-0.2273604191065356,-1.2732884567833458
17031822400,0.23135522491776672,0.6565969739877419,0.8879521989055086
17031822500,-0.8097916361887372,-0.31755078732835795,-1.1273424235170952
17031822601,-1.049505861941781,-0.22223980902002613,-1.2717456709618071
17031822602,-0.11211590451943042,0.3766300328899532,0.2645141283705228
17031822701,-0.16220544422902167,0.42150783261039937,0.2593023883813777
17031822702,-0.31247406335779543,0.30117349557742695,-0.011300567780368476
17031822801,-0.5772330589656349,-0.054612290150329576,-0.6318453491159645
17031822802,-1.0387723891468685,-0.577325133934062,-1.6160975230809305
17031822900,-0.6237447744102553,0.32655916161950926,-0.29718561279074607
17031823001,1.100766521305672,0.5387987881768613,1.6395653094825335
17031823002,-0.036981594955043544,-0.207288593720265,-0.24427018867530856
17031823101,0.048886187404255745,0.748671340260261,0.7975575276645168
17031823102,0.2027326307980003,0.6360179183570528,0.8387505491550531
17031823200,-0.8885037700180948,-0.20083952346980263,-1.0893432934878975
17031823302,0.17411003667823388,0.7484298020486332,0.9225398387268671
17031823303,0.1884213337381171,0.39945539388878076,0.5878767276268979
17031823304,0.9039861867322778,0.8600687634630046,1.7640549501952825
17031823400,0.14548744255846743,0.597927342383348,0.7434147849418155
17031823500,-0.738235150889321,0.34600298765554754,-0.39223216323377347
17031823602,-0.9135485398728904,0.04635068231009285,-0.8671978575627975
17031823603,-0.7275016780944087,0.7872449926572215,0.05974331456281279
17031823604,-1.0960175773864014,-0.9176766279388019,-2.013694205325203
17031823605,-0.5700774104356933,-0.3626218176181063,-0.9326992280537996
17031823702,1.7662418345902415,0.419454757811563,2.1856965924018046
17031823703,0.33153430433694925,0.5860919700135856,0.9176262743505348
17031823704,-0.9851050251723065,-0.297406500478599,-1.2825115256509054
17031823705,-0.2910071177679706,0.0881367929217031,-0.20287032484626752
17031823801,-0.3088962390928246,-0.5785086711710383,-0.8874049102638629
17031823803,-0.5199878707261021,-0.14330512146005953,-0.6632929921861617
17031823805,-0.9672159038474525,0.5947390379898609,-0.37247686585759154
17031823806,0.03815271460934334,0.5274947998726801,0.5656475144820234
17031823901,-1.0960175773864014,-0.6349561512284563,-1.7309737286148577
17031823903,-0.9457489582576276,-1.3161663694823542,-2.261915327739982
17031823904,-0.9886828494372774,-0.5043564402013022,-1.4930392896385796
17031824003,-0.902815067077978,-0.5140662763087399,-1.4168813433867178
17031824004,0.2850225888923288,-0.30532895381999103,-0.020306364927662246
17031824005,-0.9815272009073357,-1.52053185034064,-2.5020590512479757
17031824006,-1.0244610920869854,-1.6880627539256854,-2.7125238460126706
17031824105,0.2957560616872412,-0.43252297606319307,-0.13676691437595184
17031824106,-0.14073849863919685,-0.04437106997731065,-0.1851095686165075
17031824107,-0.9743715523773941,-0.31407263708091754,-1.2884441894583116
17031824113,-1.0960175773864014,-1.0568026378364175,-2.152820215222819
17031824114,-1.0960175773864014,-1.273631490414698,-2.3696490678010993
17031824115,-0.6380560714701385,0.46112009931735937,-0.17693597215277918
17031824116,0.5533594087651391,0.18494530814212728,0.7383047169072664
17031824119,-0.9636380795824817,-0.5571808470843032,-1.5208189266667849
17031824121,-0.9099707156079196,-0.06091643747381528,-0.9708871530817349
17031824122,-1.0960175773864014,-1.5245413846536615,-2.6205589620400627
17031824123,-0.6809899626497882,-0.34887829337648424,-1.0298682560262724
17031824124,-0.22302845673352534,-0.11661514907518708,-0.33964360580871245
17031824125,-1.0960175773864014,-0.8386453250941841,-1.9346629024805855
17031824126,-1.0960175773864014,-1.9096740630941964,-3.005691640480598
17031824127,-1.04592803767681,-0.3150387899274288,-1.3609668276042388
17031824128,-1.0960175773864014,-0.30129526568580667,-1.397312843072208
17031824129,-0.8992372428130072,-0.6848820995719236,-1.584119342384931
17031824300,-0.3840305486572115,0.909101020423449,0.5250704717662376
17031824400,-0.2945849420329414,0.9887120149759735,0.6941270729430321
17031824503,-0.31962971188773703,-0.205090595994452,-0.524720307882189
17031824505,-0.4770539795464524,0.27520813782743797,-0.20184584171901443
17031824507,-0.22302845673352534,-0.07601257570055309,-0.2990410324340784
17031824508,-0.04413724348498515,0.2762467521374375,0.23210950865245233
17031824509,-0.8348364060435327,-0.8412780916009271,-1.67611449764446
17031824601,-0.813369460453708,0.06644666151752622,-0.7469227989361817
17031824602,0.22062175212285431,0.11844983848099261,0.33907159060384695
17031824701,0.2850225888923288,0.7377538130946842,1.022776401987013
17031824702,0.3887794925764821,0.4819648469808389,0.870744339557321
17031824800,-0.4913652766063356,0.34165529984624704,-0.14970997676008857
17031824900,-0.7990581633938247,-0.0029714205043048967,-0.8020295838981296
17031825000,-0.011936825100247916,0.029056546357542026,0.01711972125729411
17031825200,-0.9815272009073357,0.2976711915088238,-0.6838560093985119
17031825302,-0.7275016780944087,-0.881131896519515,-1.6086335746139238
17031825303,-0.20156151114370052,0.11289445961355309,-0.08866705153014744
17031825304,-0.7704355692740583,-0.3337821551497464,-1.1042177244238047
17031825400,0.5068476933205186,-0.0259900120724347,0.4808576812480839
17031825501,0.5068476933205186,0.6031204139333458,1.1099681072538643
17031825503,-0.7632799207441167,0.12654136857052406,-0.6367385521735927
17031825504,-0.6881456111797298,0.23165879827094474,-0.4564868129087851
17031825505,-0.5378769920509561,-0.07456334643078626,-0.6124403384817423
17031825600,0.15622091535337987,0.6847844832847066,0.8410053986380865
17031825700,0.14906526682343824,0.7120541473774858,0.8611194142009241
17031825801,1.1043443455706428,1.214671011953785,2.3190153575244277
17031825802,0.3959351411064237,0.40032493145064085,0.7962600725570645
17031825803,1.1615895338101756,0.5125194307517562,1.6741089645619318
17031825900,-0.1944058626137589,0.9797992549669075,0.7853933923531485
17031826000,-0.5987000045554597,0.22813234038117877,-0.3705676641742809
17031826100,0.6499606639193508,0.8684259855853267,1.5183866495046776
17031826201,1.5658836757518766,1.0352564283566514,2.601140104108528
17031826202,0.7107836764238544,0.4442365783245758,1.1550202547484303
17031826301,0.14906526682343824,0.41051784398133423,0.5595831108047724
17031826303,-0.6380560714701385,0.04620575938311617,-0.5918503120870223
17031826304,0.07750878152402217,1.0270199753401432,1.1045287568641653
17031826401,-0.4126531427769779,0.9103570191239135,0.49770387634693564
17031826402,0.31006735874712443,0.7410145789516596,1.0510819376987839
17031826500,0.4674916264058398,0.694325242644005,1.1618168690498447
17031826600,0.2098882793279419,1.0529853330901324,1.2628736124180744
17031826700,1.175900830870059,1.1483687728619525,2.324269603732011
17031826800,-0.14431632290416765,0.6330228445328681,0.48870652162870043
17031826901,-0.2731179964431166,1.5121494733945893,1.2390314769514728
17031826902,-0.7346573266243502,1.245346364830516,0.5106890382061658
17031827000,-0.16578326849399247,0.809635584875119,0.6438523163811265
17031827100,0.30291171021718283,1.4942997995552947,1.7972115097724775
17031827200,-0.17651674128890488,0.7320052036579425,0.5554884623690377
17031827300,-0.3589857788024159,1.38411006741069,1.025124288608274
17031827400,-0.09780460745954721,1.323266591901646,1.2254619844420989
17031827500,-0.31247406335779543,0.3436359131815951,0.03116184982379966
17031827600,-0.3840305486572115,0.8992945690313601,0.5152640203741485
17031827700,-0.5271435192560436,0.7543716420546772,0.22722812279863358
17031827801,-0.44485356116171515,0.11547891847797061,-0.32937464268374456
17031827802,-0.738235150889321,0.02966039188661154,-0.7085747590027095
17031827804,-0.6559451927949925,0.16453532925957776,-0.49140986353541477
17031827805,-0.8491477031034159,-0.24709409099652727,-1.0962417940999432
17031827901,-1.0566615104717225,-0.22767441878165176,-1.2843359292533743
17031827902,0.30291171021718283,0.5498129306270892,0.8527246408442721
17031828000,-0.1944058626137589,0.4008804693373848,0.20647460672362591
17031828100,-0.4019196699820655,0.27139183408371864,-0.13052783589834688
17031828201,-0.15147197143410926,0.469960397862937,0.3184884264288277
17031828202,-0.22660628099849614,0.7226093672256209,0.49600308622712475
17031828300,-0.6201669501452846,0.8180894222820921,0.19792247213680758
17031828401,-0.3732970758622991,0.4158316846371459,0.04253460877484683
17031828402,0.14548744255846743,0.6699298832695967,0.8154173258280641
17031828503,-0.011936825100247916,0.6066710256442746,0.5947342005440266
17031828504,-0.07275983760475158,0.3892624813580874,0.3165026437533358
17031828505,-0.3911861971871531,-0.4463148079471407,-0.8375010051342937
17031828507,-0.902815067077978,0.004009033811738664,-0.8988060332662393
17031828508,0.04173053887431414,0.5836282802549819,0.625358819129296
17031828601,-1.0566615104717225,-0.40414223619692596,-1.4608037466686485
17031828602,-0.6595230170599634,-0.48027508050201007,-1.1397980975619735
17031828701,-0.5951221802904889,0.5696432178017321,-0.025478962488756807
17031828702,-0.3840305486572115,-0.07229288724148489,-0.4563234358986964
17031828801,-1.0423502134118394,-0.5741851371829005,-1.61653535059474
17031828802,-0.795480339128854,0.40348908202296513,-0.39199125710588884
17031828900,-0.3589857788024159,0.9731811079683056,0.6141953291658897
17031829100,-0.23733975379340855,1.2876880133288704,1.0503482595354618
17031829200,0.2850225888923288,0.7845880723293156,1.0696106612216445
17031829301,-0.9707937281124233,-0.27793852062139796,-1.2487322487338213
17031829302,-0.2945849420329414,0.867290755990676,0.5727058139577346
17031829401,-0.9135485398728904,0.7218122911272491,-0.19173624874564132
17031829402,-0.795480339128854,0.7176095262449254,-0.07787081288392861
17031829500,0.40666861390133613,0.6902915545098206,1.0969601684111567
17031829600,-0.3947640214521239,0.45404302971666466,0.059279008264540745
17031829700,-0.46632050675153996,0.6422496042170502,0.17592909746551028
17031829800,-0.9707937281124233,-1.1616785293252103,-2.132472257437634
17031829902,-0.5843887074955765,-0.3527670585836919,-0.9371557660792684
17031829903,-0.5414548163159268,0.35071298278228974,-0.1907418335336371
17031829904,-0.9672159038474525,0.15934225770957997,-0.8078736461378725
17031830001,-0.9314376611977444,0.9951127775841103,0.06367511638636592
17031830003,-0.86703682442827,-0.606044027296608,-1.4730808517248781
17031830004,0.2170439278578835,-0.5950540386675429,-0.3780101108096594
17031830005,-0.3589857788024159,-0.44590419298737344,-0.8048899717897893
17031830006,-0.47347615528148157,0.4795253110433981,0.006049155761916503
17031830007,0.6392271911244384,0.7542750267700261,1.3935022178944645
17031830008,-1.0602393347366934,-0.7026834657688927,-1.7629228005055861
17031830100,-1.0566615104717225,-0.39266917114460526,-1.4493306816163278
17031830201,3.2975506199977453,0.8115437367469787,4.109094356744724
17031830202,-0.9600602553175109,-0.11149453898867762,-1.0715547943061885
17031830300,0.9218753080571318,1.0813660729563994,2.003241381013531
17031830400,-0.7561242722141751,0.5166980418129172,-0.23942623040125788
17031830500,-0.8992372428130072,0.21552404573420736,-0.6837131970787999
17031830600,1.2367238433745626,0.523436957917333,1.7601608012918957
17031830700,0.9648091992367814,0.3676206575962361,1.3324298568330175
17031830800,0.8717857683475406,0.25366292935023776,1.1254486976977784
17031830900,-0.8527255273683868,-1.5221260025373835,-2.3748515299057704
17031831000,-0.6738343141198466,-2.962080204977705,-3.6359145190975513
17031831100,0.5283146389103435,-0.41373130319854984,0.11458333571179363
17031831200,0.46391380214086897,0.5710441394291733,1.0349579415700423
17031831300,-0.6130113016153429,0.8969758021997332,0.28396450058439027
17031831500,-0.06918201333978077,-0.011038796772673578,-0.08022081011245435
17031831600,2.15980250373703,0.6156562471168289,2.7754587508538586
17031831700,0.10970919990875941,0.685847251415869,0.7955564513246284
17031831800,0.8753635926125114,-0.004831264733838994,0.8705323278786724
17031831900,-0.13000502584428444,-1.1015838222722125,-1.231588848116497
17031832000,-0.46632050675153996,-1.6359388078564052,-2.102259314607945
17031832100,1.2689242617592997,-0.21286812640886732,1.0560561353504325
17031832200,-0.2731179964431166,-1.5609170393248089,-1.8340350357679254
17031832300,0.2886004131572996,-0.5696683726254607,-0.28106795946816104
17031832400,-0.42338661557189033,-1.2224978510130915,-1.6458844665849819
17031832500,0.35300124992677406,-1.607896221486417,-1.254894971559643
17031832600,-0.36256360306738666,-3.22707177695457,-3.5896353800219565
17031832900,0.0953979028488762,0.09953739651053548,0.19493529935941167
17031833000,1.4048815838281903,-2.5300166520178875,-1.1251350681896972
17031833100,0.9469200779119274,-1.8732501007807234,-0.926330022868796
17031833300,0.9039861867322778,-0.10217116401984434,0.8018150227124334
17031833900,-0.06202636480983917,1.248438053939352,1.186411689129513
17031834000,1.6410179853162634,1.3898586768474317,3.030876662163695
17031834200,1.8628430897444532,0.635341611364495,2.498184701108948
17031834300,0.07035313299408057,0.4527145695527117,0.5230677025467922
17031834400,1.0936108727757303,1.2074731732472763,2.3010840460230066
17031834600,0.27428911609741635,1.4657258291197253,1.7400149452171416
17031834700,-0.3768749001272699,1.1187561881163837,0.7418812879891138
17031834800,-0.18367238981884648,1.5232119234871428,1.3395395336682965
17031834900,-0.18009456555387568,1.7154038784793872,1.5353093129255115
17031835000,1.2581907889643873,0.7485505711544471,2.006741360118834
17031835100,0.25639999477256237,0.6786252588881976,0.93502525366076
17031835200,-0.7418129751542919,0.34634114115182646,-0.39547183400246544
17031835500,0.005952296224606102,1.5610851150703826,1.5670374112949887
17031835600,-0.7346573266243502,1.7653056730016916,1.0306483463773413
17031835800,-0.18725021408381728,0.5249586486505882,0.3377084345667709
17031836000,-0.21945063246855454,-0.01763278995011265,-0.2370834224186672
17031836100,0.7036280278939128,1.5248060756838864,2.2284341035777993
17031836200,-1.0781284560615474,-1.7298730183584585,-2.808001474420006
17031836300,0.07393095725905137,0.829755717903715,0.9036866751627665
17031836400,1.3619476926485408,1.4831165803569273,2.845064273005468
17031836500,0.04530836313928494,0.809635584875119,0.854943948014404
17031836600,0.14906526682343824,0.26617460871255805,0.4152398755359963
17031836700,0.37089037125162805,0.22194896216350699,0.5928393334151351
17031836800,0.299333885952212,1.3612122449483741,1.660546130900586
17031837000,0.8753635926125114,1.2237045410686649,2.0990681336811763
17031837100,-0.07991548613469318,0.9082556366827517,0.8283401505480585
17031837300,0.31006735874712443,1.4453400040583386,1.755407362805463
17031837400,-0.5342991677859853,1.1108578885961544,0.5765587208101691
17031837800,0.8968305382023362,1.306986916437932,2.203817454640268
17031838100,0.7036280278939128,0.9133037853057728,1.6169318131996855
17031838200,-0.8169472847186787,0.08113218478449676,-0.7358150999341819
17031838300,0.8181184043729786,-0.6461152166056608,0.1720031877673177
17031838600,0.13117614549858422,1.6073155287759444,1.7384916742745287
17031838700,2.671431373627855,1.2687514175372505,3.9401827911651055
17031838800,-0.22302845673352534,1.5867606269664183,1.3637321702328928
17031839000,6.671438901865213,-0.4681015546359687,6.203337347229244
17031839100,3.7805568957688034,-1.0891204505522178,2.6914364452165858
17031839200,0.36015689845671567,1.143586316271722,1.5037432147284375
17031839500,-0.5235656949910729,0.9057919469241481,0.38222625193307525
17031839600,-0.16936109275896327,0.4629799435468934,0.29361885078793015
17031839700,-0.573655234700664,0.05410405890334539,-0.5195511757973187
17031839800,0.10970919990875941,0.1185706075868065,0.22827980749556592
17031839900,0.05246401166922655,-0.5053950545113017,-0.4529310428420752
17031840000,-0.9099707156079196,-0.2836388224158141,-1.1936095380237337
17031840100,-0.3947640214521239,0.23682771599977975,-0.15793630545234416
17031840200,-0.5915443560255181,0.732488280081198,0.1409439240556799
17031840300,-0.2874292935029998,0.3880306364787856,0.10060134297578582
17031840400,-0.6416338957351093,-0.5847886646733612,-1.2264225604084706
17031840700,-0.3661414273323575,-0.472690780656897,-0.8388322079892545
17031840800,-0.13000502584428444,0.9304046906890214,0.800399664844737
17031841000,-0.43054226410183194,-0.6240386240628795,-1.0545808881647114
17031841100,1.4370820022129276,1.043130574055718,2.4802125762686456
17031841200,0.45318032934595653,0.3869437145264605,0.840124043872417
17031841300,0.11686484843870101,0.605197642553345,0.722062490992046
17031841500,0.7966514587831537,1.4550498401657763,2.2517012989489302
17031841700,-0.6523673685300218,0.4760713146171205,-0.17629605391290126
17031841800,-0.7775912178039999,0.6543506686196032,-0.12324054918439664
17031841900,-0.5951221802904889,-1.2981959265372456,-1.8933181068277345
17031842000,-0.9851050251723065,-1.1931268044791505,-2.178231829651457
17031842100,0.918297483792161,0.5788699774859142,1.4971674612780752
17031842200,0.6857389065690588,-1.822792768371675,-1.1370538618026163
17031842300,-0.4412757368967444,-1.803976941685869,-2.2452526785826135
17031842400,-0.07991548613469318,0.21197343402327865,0.13205794788858546
17031842500,-0.5772330589656349,1.2160236259389006,0.6387905669732656
17031842600,-0.5235656949910729,-0.12632498518262483,-0.6498906801736977
17031842800,-0.07633766186972238,0.4684628609508446,0.3921251990811222
17031842900,0.7429840948085916,1.3986748215718467,2.1416589163804383
17031843000,1.140122588220351,1.492391647683435,2.632514235903786
17031843100,-0.20156151114370052,0.8755030551860213,0.6739415440423209
17031843200,-0.43412008836680277,0.3020671869604499,-0.1320529014063529
17031843300,-0.630900422940197,0.09364386414681704,-0.53725655879338
17031843400,-0.41980879130691956,1.0738059269324491,0.6539971356255296
17031843500,-1.0960175773864014,0.40203985275319826,-0.6939777246332031
17031843600,0.900408362467307,0.06924850477240875,0.9696568672397158
17031843700,-0.6201669501452846,-1.5237926161976154,-2.1439595663429
17031843800,-0.8169472847186787,0.6865477122295897,-0.13039957248908907
17031843900,1.1866343036649714,0.7329955103256165,1.9196298139905879
17031844600,0.06319748446413896,0.7035036946858615,0.7667011791500005
17031844700,-0.31247406335779543,0.6526357473170458,0.34016168395925034
